polygon_id,nearest_place,year,predicted_ndvi,latitude,longitude
P0001,Mangalaeliya,2026,0.235084,7.854714,79.809541
P0001,Mangalaeliya,2027,0.23558,7.854714,79.809541
P0001,Mangalaeliya,2028,0.213067,7.854714,79.809541
P0001,Mangalaeliya,2029,0.224714,7.854714,79.809541
P0001,Mangalaeliya,2030,0.225823,7.854714,79.809541
P0002,Mangalaeliya,2026,0.176941,7.853668,79.809668
P0002,Mangalaeliya,2027,0.167728,7.853668,79.809668
P0002,Mangalaeliya,2028,0.144488,7.853668,79.809668
P0002,Mangalaeliya,2029,0.143684,7.853668,79.809668
P0002,Mangalaeliya,2030,0.14803,7.853668,79.809668
P0003,Mangalaeliya,2026,0.281083,7.853222,79.809446
P0003,Mangalaeliya,2027,0.287116,7.853222,79.809446
P0003,Mangalaeliya,2028,0.32738,7.853222,79.809446
P0003,Mangalaeliya,2029,0.353152,7.853222,79.809446
P0003,Mangalaeliya,2030,0.354882,7.853222,79.809446
P0004,Mangalaeliya,2026,0.281984,7.85311,79.809889
P0004,Mangalaeliya,2027,0.214929,7.85311,79.809889
P0004,Mangalaeliya,2028,0.181334,7.85311,79.809889
P0004,Mangalaeliya,2029,0.200152,7.85311,79.809889
P0004,Mangalaeliya,2030,0.20358,7.85311,79.809889
P0005,Mangalaeliya,2026,0.18062,7.852446,79.809668
P0005,Mangalaeliya,2027,0.162234,7.852446,79.809668
P0005,Mangalaeliya,2028,0.171753,7.852446,79.809668
P0005,Mangalaeliya,2029,0.173402,7.852446,79.809668
P0005,Mangalaeliya,2030,0.164228,7.852446,79.809668
P0006,Nawadankulama,2026,0.689315,7.845445,79.807778
P0006,Nawadankulama,2027,0.754829,7.845445,79.807778
P0006,Nawadankulama,2028,0.704242,7.845445,79.807778
P0006,Nawadankulama,2029,0.739153,7.845445,79.807778
P0006,Nawadankulama,2030,0.76437,7.845445,79.807778
P0007,Nawadankulama,2026,0.761548,7.843557,79.81477
P0007,Nawadankulama,2027,0.752593,7.843557,79.81477
P0007,Nawadankulama,2028,0.787199,7.843557,79.81477
P0007,Nawadankulama,2029,0.786308,7.843557,79.81477
P0007,Nawadankulama,2030,0.79373,7.843557,79.81477
P0008,Udappuwa,2026,0.439742,7.740066,79.798456
P0008,Udappuwa,2027,0.446561,7.740066,79.798456
P0008,Udappuwa,2028,0.399149,7.740066,79.798456
P0008,Udappuwa,2029,0.404688,7.740066,79.798456
P0008,Udappuwa,2030,0.408871,7.740066,79.798456
P0009,Udappuwa,2026,0.365742,7.736832,79.801806
P0009,Udappuwa,2027,0.36595,7.736832,79.801806
P0009,Udappuwa,2028,0.372631,7.736832,79.801806
P0009,Udappuwa,2029,0.364716,7.736832,79.801806
P0009,Udappuwa,2030,0.368977,7.736832,79.801806
P0010,Udappuwa,2026,0.40645,7.735889,79.801446
P0010,Udappuwa,2027,0.387511,7.735889,79.801446
P0010,Udappuwa,2028,0.365663,7.735889,79.801446
P0010,Udappuwa,2029,0.373895,7.735889,79.801446
P0010,Udappuwa,2030,0.37376,7.735889,79.801446
P0011,Udappuwa,2026,0.222679,7.735816,79.796408
P0011,Udappuwa,2027,0.22674,7.735816,79.796408
P0011,Udappuwa,2028,0.213159,7.735816,79.796408
P0011,Udappuwa,2029,0.209311,7.735816,79.796408
P0011,Udappuwa,2030,0.206367,7.735816,79.796408
P0012,Udappuwa,2026,0.24015,7.735666,79.79589
P0012,Udappuwa,2027,0.222911,7.735666,79.79589
P0012,Udappuwa,2028,0.221324,7.735666,79.79589
P0012,Udappuwa,2029,0.220556,7.735666,79.79589
P0012,Udappuwa,2030,0.221012,7.735666,79.79589
P0013,Udappuwa,2026,0.30634,7.735443,79.799332
P0013,Udappuwa,2027,0.339797,7.735443,79.799332
P0013,Udappuwa,2028,0.307458,7.735443,79.799332
P0013,Udappuwa,2029,0.322709,7.735443,79.799332
P0013,Udappuwa,2030,0.336353,7.735443,79.799332
P0014,Udappuwa,2026,0.281299,7.735443,79.796777
P0014,Udappuwa,2027,0.302134,7.735443,79.796777
P0014,Udappuwa,2028,0.233275,7.735443,79.796777
P0014,Udappuwa,2029,0.234424,7.735443,79.796777
P0014,Udappuwa,2030,0.244533,7.735443,79.796777
P0015,Udappuwa,2026,0.326455,7.734916,79.795955
P0015,Udappuwa,2027,0.35332,7.734916,79.795955
P0015,Udappuwa,2028,0.301425,7.734916,79.795955
P0015,Udappuwa,2029,0.301724,7.734916,79.795955
P0015,Udappuwa,2030,0.306108,7.734916,79.795955
P0016,Udappuwa,2026,0.199406,7.735241,79.80276
P0016,Udappuwa,2027,0.120024,7.735241,79.80276
P0016,Udappuwa,2028,0.125863,7.735241,79.80276
P0016,Udappuwa,2029,0.127507,7.735241,79.80276
P0016,Udappuwa,2030,0.134458,7.735241,79.80276
P0017,Udappuwa,2026,0.364628,7.734556,79.796777
P0017,Udappuwa,2027,0.392069,7.734556,79.796777
P0017,Udappuwa,2028,0.3228,7.734556,79.796777
P0017,Udappuwa,2029,0.329252,7.734556,79.796777
P0017,Udappuwa,2030,0.326148,7.734556,79.796777
P0018,Udappuwa,2026,0.08652,7.733666,79.803221
P0018,Udappuwa,2027,0.094069,7.733666,79.803221
P0018,Udappuwa,2028,0.068057,7.733666,79.803221
P0018,Udappuwa,2029,0.057023,7.733666,79.803221
P0018,Udappuwa,2030,0.048641,7.733666,79.803221
P0019,Udappuwa,2026,0.17815,7.73384,79.794111
P0019,Udappuwa,2027,0.174174,7.73384,79.794111
P0019,Udappuwa,2028,0.138787,7.73384,79.794111
P0019,Udappuwa,2029,0.156767,7.73384,79.794111
P0019,Udappuwa,2030,0.159325,7.73384,79.794111
P0020,Udappuwa,2026,0.346191,7.733255,79.797507
P0020,Udappuwa,2027,0.270848,7.733255,79.797507
P0020,Udappuwa,2028,0.217804,7.733255,79.797507
P0020,Udappuwa,2029,0.223019,7.733255,79.797507
P0020,Udappuwa,2030,0.22443,7.733255,79.797507
P0021,Udappuwa,2026,0.296924,7.733356,79.798733
P0021,Udappuwa,2027,0.278222,7.733356,79.798733
P0021,Udappuwa,2028,0.275726,7.733356,79.798733
P0021,Udappuwa,2029,0.270425,7.733356,79.798733
P0021,Udappuwa,2030,0.268867,7.733356,79.798733
P0022,Udappuwa,2026,0.249692,7.733223,79.795332
P0022,Udappuwa,2027,0.279071,7.733223,79.795332
P0022,Udappuwa,2028,0.26748,7.733223,79.795332
P0022,Udappuwa,2029,0.272924,7.733223,79.795332
P0022,Udappuwa,2030,0.275499,7.733223,79.795332
P0023,Udappuwa,2026,0.36173,7.732776,79.796557
P0023,Udappuwa,2027,0.333184,7.732776,79.796557
P0023,Udappuwa,2028,0.292433,7.732776,79.796557
P0023,Udappuwa,2029,0.298508,7.732776,79.796557
P0023,Udappuwa,2030,0.306383,7.732776,79.796557
P0024,Udappuwa,2026,0.20458,7.732777,79.799221
P0024,Udappuwa,2027,0.192722,7.732777,79.799221
P0024,Udappuwa,2028,0.261846,7.732777,79.799221
P0024,Udappuwa,2029,0.28142,7.732777,79.799221
P0024,Udappuwa,2030,0.280206,7.732777,79.799221
P0025,Udappuwa,2026,0.176152,7.732222,79.798779
P0025,Udappuwa,2027,0.184429,7.732222,79.798779
P0025,Udappuwa,2028,0.227953,7.732222,79.798779
P0025,Udappuwa,2029,0.230063,7.732222,79.798779
P0025,Udappuwa,2030,0.233341,7.732222,79.798779
P0026,Udappuwa,2026,0.24265,7.731741,79.799295
P0026,Udappuwa,2027,0.276237,7.731741,79.799295
P0026,Udappuwa,2028,0.29805,7.731741,79.799295
P0026,Udappuwa,2029,0.279977,7.731741,79.799295
P0026,Udappuwa,2030,0.266,7.731741,79.799295
P0027,Udappuwa,2026,0.212145,7.731555,79.797999
P0027,Udappuwa,2027,0.181857,7.731555,79.797999
P0027,Udappuwa,2028,0.222732,7.731555,79.797999
P0027,Udappuwa,2029,0.230944,7.731555,79.797999
P0027,Udappuwa,2030,0.24679,7.731555,79.797999
P0028,Udappuwa,2026,0.287534,7.731444,79.799667
P0028,Udappuwa,2027,0.26417,7.731444,79.799667
P0028,Udappuwa,2028,0.271948,7.731444,79.799667
P0028,Udappuwa,2029,0.277184,7.731444,79.799667
P0028,Udappuwa,2030,0.28902,7.731444,79.799667
P0029,Udappuwa,2026,0.476068,7.731222,79.794519
P0029,Udappuwa,2027,0.487138,7.731222,79.794519
P0029,Udappuwa,2028,0.443035,7.731222,79.794519
P0029,Udappuwa,2029,0.459296,7.731222,79.794519
P0029,Udappuwa,2030,0.475332,7.731222,79.794519
P0030,Udappuwa,2026,0.29175,7.731,79.799667
P0030,Udappuwa,2027,0.29517,7.731,79.799667
P0030,Udappuwa,2028,0.278236,7.731,79.799667
P0030,Udappuwa,2029,0.279637,7.731,79.799667
P0030,Udappuwa,2030,0.28118,7.731,79.799667
P0031,Udappuwa,2026,0.212335,7.730556,79.800554
P0031,Udappuwa,2027,0.133481,7.730556,79.800554
P0031,Udappuwa,2028,0.12346,7.730556,79.800554
P0031,Udappuwa,2029,0.128172,7.730556,79.800554
P0031,Udappuwa,2030,0.134463,7.730556,79.800554
P0032,Udappuwa,2026,0.452855,7.730775,79.796111
P0032,Udappuwa,2027,0.469967,7.730775,79.796111
P0032,Udappuwa,2028,0.442308,7.730775,79.796111
P0032,Udappuwa,2029,0.444309,7.730775,79.796111
P0032,Udappuwa,2030,0.449536,7.730775,79.796111
P0033,Udappuwa,2026,0.228467,7.730333,79.800113
P0033,Udappuwa,2027,0.222675,7.730333,79.800113
P0033,Udappuwa,2028,0.201298,7.730333,79.800113
P0033,Udappuwa,2029,0.201927,7.730333,79.800113
P0033,Udappuwa,2030,0.205188,7.730333,79.800113
P0034,Udappuwa,2026,0.552625,7.729488,79.797269
P0034,Udappuwa,2027,0.596418,7.729488,79.797269
P0034,Udappuwa,2028,0.524212,7.729488,79.797269
P0034,Udappuwa,2029,0.554737,7.729488,79.797269
P0034,Udappuwa,2030,0.563855,7.729488,79.797269
P0035,Udappuwa,2026,0.47186,7.729186,79.798704
P0035,Udappuwa,2027,0.455828,7.729186,79.798704
P0035,Udappuwa,2028,0.406351,7.729186,79.798704
P0035,Udappuwa,2029,0.407052,7.729186,79.798704
P0035,Udappuwa,2030,0.428225,7.729186,79.798704
P0036,Udappuwa,2026,0.271012,7.729,79.800113
P0036,Udappuwa,2027,0.197812,7.729,79.800113
P0036,Udappuwa,2028,0.280023,7.729,79.800113
P0036,Udappuwa,2029,0.301229,7.729,79.800113
P0036,Udappuwa,2030,0.318628,7.729,79.800113
P0037,Udappuwa,2026,0.394447,7.729,79.800554
P0037,Udappuwa,2027,0.416618,7.729,79.800554
P0037,Udappuwa,2028,0.408814,7.729,79.800554
P0037,Udappuwa,2029,0.457105,7.729,79.800554
P0037,Udappuwa,2030,0.476058,7.729,79.800554
P0038,Udappuwa,2026,0.222522,7.727381,79.796191
P0038,Udappuwa,2027,0.238889,7.727381,79.796191
P0038,Udappuwa,2028,0.287601,7.727381,79.796191
P0038,Udappuwa,2029,0.284176,7.727381,79.796191
P0038,Udappuwa,2030,0.276769,7.727381,79.796191
P0039,Udappuwa,2026,0.287955,7.725946,79.804277
P0039,Udappuwa,2027,0.227646,7.725946,79.804277
P0039,Udappuwa,2028,0.245857,7.725946,79.804277
P0039,Udappuwa,2029,0.256461,7.725946,79.804277
P0039,Udappuwa,2030,0.255535,7.725946,79.804277
P0040,Udappuwa,2026,0.251575,7.725888,79.803332
P0040,Udappuwa,2027,0.214971,7.725888,79.803332
P0040,Udappuwa,2028,0.216687,7.725888,79.803332
P0040,Udappuwa,2029,0.226413,7.725888,79.803332
P0040,Udappuwa,2030,0.231833,7.725888,79.803332
P0041,Udappuwa,2026,0.16287,7.725222,79.802888
P0041,Udappuwa,2027,0.118222,7.725222,79.802888
P0041,Udappuwa,2028,0.148874,7.725222,79.802888
P0041,Udappuwa,2029,0.154818,7.725222,79.802888
P0041,Udappuwa,2030,0.156041,7.725222,79.802888
P0042,Udappuwa,2026,0.229762,7.725149,79.803964
P0042,Udappuwa,2027,0.227695,7.725149,79.803964
P0042,Udappuwa,2028,0.227784,7.725149,79.803964
P0042,Udappuwa,2029,0.246636,7.725149,79.803964
P0042,Udappuwa,2030,0.239678,7.725149,79.803964
P0043,Udappuwa,2026,0.396162,7.725,79.805223
P0043,Udappuwa,2027,0.441776,7.725,79.805223
P0043,Udappuwa,2028,0.411396,7.725,79.805223
P0043,Udappuwa,2029,0.423598,7.725,79.805223
P0043,Udappuwa,2030,0.431448,7.725,79.805223
P0044,Udappuwa,2026,0.639606,7.724777,79.796889
P0044,Udappuwa,2027,0.622413,7.724777,79.796889
P0044,Udappuwa,2028,0.634617,7.724777,79.796889
P0044,Udappuwa,2029,0.664718,7.724777,79.796889
P0044,Udappuwa,2030,0.666497,7.724777,79.796889
P0045,Udappuwa,2026,0.079449,7.724554,79.795332
P0045,Udappuwa,2027,0.036877,7.724554,79.795332
P0045,Udappuwa,2028,-0.064704,7.724554,79.795332
P0045,Udappuwa,2029,-0.033026,7.724554,79.795332
P0045,Udappuwa,2030,-0.050778,7.724554,79.795332
P0046,Udappuwa,2026,0.217166,7.724554,79.804112
P0046,Udappuwa,2027,0.222331,7.724554,79.804112
P0046,Udappuwa,2028,0.22686,7.724554,79.804112
P0046,Udappuwa,2029,0.245642,7.724554,79.804112
P0046,Udappuwa,2030,0.243046,7.724554,79.804112
P0047,Udappuwa,2026,0.066504,7.724113,79.795444
P0047,Udappuwa,2027,0.048942,7.724113,79.795444
P0047,Udappuwa,2028,0.003668,7.724113,79.795444
P0047,Udappuwa,2029,0.019056,7.724113,79.795444
P0047,Udappuwa,2030,0.03342,7.724113,79.795444
P0048,Udappuwa,2026,0.144941,7.724113,79.802222
P0048,Udappuwa,2027,0.124268,7.724113,79.802222
P0048,Udappuwa,2028,0.120784,7.724113,79.802222
P0048,Udappuwa,2029,0.123196,7.724113,79.802222
P0048,Udappuwa,2030,0.123924,7.724113,79.802222
P0049,Udappuwa,2026,0.170637,7.724497,79.803243
P0049,Udappuwa,2027,0.153087,7.724497,79.803243
P0049,Udappuwa,2028,0.155429,7.724497,79.803243
P0049,Udappuwa,2029,0.152241,7.724497,79.803243
P0049,Udappuwa,2030,0.151918,7.724497,79.803243
P0050,Battulu Oya,2026,0.351446,7.723358,79.805577
P0050,Battulu Oya,2027,0.351603,7.723358,79.805577
P0050,Battulu Oya,2028,0.325114,7.723358,79.805577
P0050,Battulu Oya,2029,0.32725,7.723358,79.805577
P0050,Battulu Oya,2030,0.334722,7.723358,79.805577
P0051,Udappuwa,2026,0.412595,7.723364,79.803848
P0051,Udappuwa,2027,0.426937,7.723364,79.803848
P0051,Udappuwa,2028,0.355342,7.723364,79.803848
P0051,Udappuwa,2029,0.362677,7.723364,79.803848
P0051,Udappuwa,2030,0.368676,7.723364,79.803848
P0052,Udappuwa,2026,0.497926,7.72337,79.804925
P0052,Udappuwa,2027,0.57891,7.72337,79.804925
P0052,Udappuwa,2028,0.564393,7.72337,79.804925
P0052,Udappuwa,2029,0.558013,7.72337,79.804925
P0052,Udappuwa,2030,0.577698,7.72337,79.804925
P0053,Udappuwa,2026,0.195578,7.722826,79.796036
P0053,Udappuwa,2027,0.117993,7.722826,79.796036
P0053,Udappuwa,2028,0.11986,7.722826,79.796036
P0053,Udappuwa,2029,0.102781,7.722826,79.796036
P0053,Udappuwa,2030,0.09751,7.722826,79.796036
P0054,Battulu Oya,2026,0.33935,7.72278,79.805887
P0054,Battulu Oya,2027,0.299599,7.72278,79.805887
P0054,Battulu Oya,2028,0.296815,7.72278,79.805887
P0054,Battulu Oya,2029,0.318227,7.72278,79.805887
P0054,Battulu Oya,2030,0.317375,7.72278,79.805887
P0055,Udappuwa,2026,0.288582,7.722557,79.804333
P0055,Udappuwa,2027,0.300739,7.722557,79.804333
P0055,Udappuwa,2028,0.294027,7.722557,79.804333
P0055,Udappuwa,2029,0.293121,7.722557,79.804333
P0055,Udappuwa,2030,0.282653,7.722557,79.804333
P0056,Udappuwa,2026,0.206105,7.721888,79.796222
P0056,Udappuwa,2027,0.138124,7.721888,79.796222
P0056,Udappuwa,2028,0.139169,7.721888,79.796222
P0056,Udappuwa,2029,0.128189,7.721888,79.796222
P0056,Udappuwa,2030,0.121374,7.721888,79.796222
P0057,Battulu Oya,2026,0.245991,7.72295,79.806573
P0057,Battulu Oya,2027,0.237084,7.72295,79.806573
P0057,Battulu Oya,2028,0.218728,7.72295,79.806573
P0057,Battulu Oya,2029,0.216007,7.72295,79.806573
P0057,Battulu Oya,2030,0.216236,7.72295,79.806573
P0058,Battulu Oya,2026,0.618576,7.721666,79.804445
P0058,Battulu Oya,2027,0.554573,7.721666,79.804445
P0058,Battulu Oya,2028,0.576251,7.721666,79.804445
P0058,Battulu Oya,2029,0.599972,7.721666,79.804445
P0058,Battulu Oya,2030,0.610148,7.721666,79.804445
P0059,Udappuwa,2026,0.2629,7.721,79.79589
P0059,Udappuwa,2027,0.229163,7.721,79.79589
P0059,Udappuwa,2028,0.230585,7.721,79.79589
P0059,Udappuwa,2029,0.229512,7.721,79.79589
P0059,Udappuwa,2030,0.234988,7.721,79.79589
P0060,Battulu Oya,2026,0.643885,7.721,79.805223
P0060,Battulu Oya,2027,0.620973,7.721,79.805223
P0060,Battulu Oya,2028,0.631964,7.721,79.805223
P0060,Battulu Oya,2029,0.643185,7.721,79.805223
P0060,Battulu Oya,2030,0.657559,7.721,79.805223
P0061,Battulu Oya,2026,0.667312,7.721,79.80611
P0061,Battulu Oya,2027,0.741613,7.721,79.80611
P0061,Battulu Oya,2028,0.748521,7.721,79.80611
P0061,Battulu Oya,2029,0.741995,7.721,79.80611
P0061,Battulu Oya,2030,0.783599,7.721,79.80611
P0062,Udappuwa,2026,0.225406,7.720243,79.796467
P0062,Udappuwa,2027,0.204363,7.720243,79.796467
P0062,Udappuwa,2028,0.178049,7.720243,79.796467
P0062,Udappuwa,2029,0.178717,7.720243,79.796467
P0062,Udappuwa,2030,0.175953,7.720243,79.796467
P0063,Battulu Oya,2026,0.441134,7.719779,79.804777
P0063,Battulu Oya,2027,0.413921,7.719779,79.804777
P0063,Battulu Oya,2028,0.350672,7.719779,79.804777
P0063,Battulu Oya,2029,0.388929,7.719779,79.804777
P0063,Battulu Oya,2030,0.395694,7.719779,79.804777
P0064,Udappuwa,2026,0.094884,7.719711,79.7974
P0064,Udappuwa,2027,0.047488,7.719711,79.7974
P0064,Udappuwa,2028,0.074338,7.719711,79.7974
P0064,Udappuwa,2029,0.072862,7.719711,79.7974
P0064,Udappuwa,2030,0.080096,7.719711,79.7974
P0065,Udappuwa,2026,0.251621,7.71913,79.802542
P0065,Udappuwa,2027,0.238584,7.71913,79.802542
P0065,Udappuwa,2028,0.240034,7.71913,79.802542
P0065,Udappuwa,2029,0.245131,7.71913,79.802542
P0065,Udappuwa,2030,0.243394,7.71913,79.802542
P0066,Battulu Oya,2026,0.49867,7.719444,79.804333
P0066,Battulu Oya,2027,0.389373,7.719444,79.804333
P0066,Battulu Oya,2028,0.382205,7.719444,79.804333
P0066,Battulu Oya,2029,0.39882,7.719444,79.804333
P0066,Battulu Oya,2030,0.409237,7.719444,79.804333
P0067,Battulu Oya,2026,0.585176,7.71911,79.804777
P0067,Battulu Oya,2027,0.555867,7.71911,79.804777
P0067,Battulu Oya,2028,0.482192,7.71911,79.804777
P0067,Battulu Oya,2029,0.493777,7.71911,79.804777
P0067,Battulu Oya,2030,0.501924,7.71911,79.804777
P0068,Udappuwa,2026,0.656911,7.718998,79.799444
P0068,Udappuwa,2027,0.706764,7.718998,79.799444
P0068,Udappuwa,2028,0.71632,7.718998,79.799444
P0068,Udappuwa,2029,0.718227,7.718998,79.799444
P0068,Udappuwa,2030,0.72427,7.718998,79.799444
P0069,Anavilundawa,2026,0.309823,7.718889,79.803889
P0069,Anavilundawa,2027,0.289085,7.718889,79.803889
P0069,Anavilundawa,2028,0.275208,7.718889,79.803889
P0069,Anavilundawa,2029,0.291237,7.718889,79.803889
P0069,Anavilundawa,2030,0.283561,7.718889,79.803889
P0070,Udappuwa,2026,0.103007,7.718557,79.797999
P0070,Udappuwa,2027,0.010643,7.718557,79.797999
P0070,Udappuwa,2028,0.005198,7.718557,79.797999
P0070,Udappuwa,2029,0.008828,7.718557,79.797999
P0070,Udappuwa,2030,0.010325,7.718557,79.797999
P0071,Udappuwa,2026,0.137563,7.718279,79.797221
P0071,Udappuwa,2027,0.122402,7.718279,79.797221
P0071,Udappuwa,2028,0.112032,7.718279,79.797221
P0071,Udappuwa,2029,0.113577,7.718279,79.797221
P0071,Udappuwa,2030,0.117652,7.718279,79.797221
P0072,Udappuwa,2026,0.623919,7.722233,79.79964
P0072,Udappuwa,2027,0.627248,7.722233,79.79964
P0072,Udappuwa,2028,0.600445,7.722233,79.79964
P0072,Udappuwa,2029,0.544444,7.722233,79.79964
P0072,Udappuwa,2030,0.644945,7.722233,79.79964
P0073,Anavilundawa,2026,0.260555,7.718111,79.802556
P0073,Anavilundawa,2027,0.274155,7.718111,79.802556
P0073,Anavilundawa,2028,0.244915,7.718111,79.802556
P0073,Anavilundawa,2029,0.252869,7.718111,79.802556
P0073,Anavilundawa,2030,0.252646,7.718111,79.802556
P0074,Anavilundawa,2026,0.261881,7.717888,79.803666
P0074,Anavilundawa,2027,0.226196,7.717888,79.803666
P0074,Anavilundawa,2028,0.273237,7.717888,79.803666
P0074,Anavilundawa,2029,0.291029,7.717888,79.803666
P0074,Anavilundawa,2030,0.295941,7.717888,79.803666
P0075,Udappuwa,2026,0.273029,7.71706,79.799686
P0075,Udappuwa,2027,0.257393,7.71706,79.799686
P0075,Udappuwa,2028,0.261881,7.71706,79.799686
P0075,Udappuwa,2029,0.258868,7.71706,79.799686
P0075,Udappuwa,2030,0.259171,7.71706,79.799686
P0076,Anavilundawa,2026,0.336923,7.716969,79.802492
P0076,Anavilundawa,2027,0.254898,7.716969,79.802492
P0076,Anavilundawa,2028,0.284258,7.716969,79.802492
P0076,Anavilundawa,2029,0.30287,7.716969,79.802492
P0076,Anavilundawa,2030,0.311125,7.716969,79.802492
P0077,Anavilundawa,2026,0.602901,7.714432,79.798753
P0077,Anavilundawa,2027,0.634089,7.714432,79.798753
P0077,Anavilundawa,2028,0.609068,7.714432,79.798753
P0077,Anavilundawa,2029,0.61334,7.714432,79.798753
P0077,Anavilundawa,2030,0.643962,7.714432,79.798753
P0078,Anavilundawa,2026,0.582519,7.714,79.801887
P0078,Anavilundawa,2027,0.575894,7.714,79.801887
P0078,Anavilundawa,2028,0.601755,7.714,79.801887
P0078,Anavilundawa,2029,0.617895,7.714,79.801887
P0078,Anavilundawa,2030,0.620831,7.714,79.801887
P0079,Anavilundawa,2026,0.571899,7.712259,79.802185
P0079,Anavilundawa,2027,0.622208,7.712259,79.802185
P0079,Anavilundawa,2028,0.566501,7.712259,79.802185
P0079,Anavilundawa,2029,0.605914,7.712259,79.802185
P0079,Anavilundawa,2030,0.606982,7.712259,79.802185
P0080,Anavilundawa,2026,0.558167,7.711888,79.803
P0080,Anavilundawa,2027,0.600633,7.711888,79.803
P0080,Anavilundawa,2028,0.593166,7.711888,79.803
P0080,Anavilundawa,2029,0.599713,7.711888,79.803
P0080,Anavilundawa,2030,0.604669,7.711888,79.803
P0081,Anavilundawa,2026,0.66675,7.711622,79.801577
P0081,Anavilundawa,2027,0.731317,7.711622,79.801577
P0081,Anavilundawa,2028,0.76913,7.711622,79.801577
P0081,Anavilundawa,2029,0.783382,7.711622,79.801577
P0081,Anavilundawa,2030,0.830846,7.711622,79.801577
P0082,Anavilundawa,2026,0.735403,7.710999,79.80211
P0082,Anavilundawa,2027,0.764688,7.710999,79.80211
P0082,Anavilundawa,2028,0.820852,7.710999,79.80211
P0082,Anavilundawa,2029,0.824539,7.710999,79.80211
P0082,Anavilundawa,2030,0.807564,7.710999,79.80211
P0083,Anavilundawa,2026,0.766334,7.710666,79.801887
P0083,Anavilundawa,2027,0.769029,7.710666,79.801887
P0083,Anavilundawa,2028,0.768682,7.710666,79.801887
P0083,Anavilundawa,2029,0.7686,7.710666,79.801887
P0083,Anavilundawa,2030,0.768766,7.710666,79.801887
P0084,Anavilundawa,2026,0.345342,7.712726,79.800621
P0084,Anavilundawa,2027,0.368461,7.712726,79.800621
P0084,Anavilundawa,2028,0.333149,7.712726,79.800621
P0084,Anavilundawa,2029,0.33972,7.712726,79.800621
P0084,Anavilundawa,2030,0.342388,7.712726,79.800621
P0085,Anavilundawa,2026,0.392641,7.708902,79.798482
P0085,Anavilundawa,2027,0.408908,7.708902,79.798482
P0085,Anavilundawa,2028,0.416262,7.708902,79.798482
P0085,Anavilundawa,2029,0.437205,7.708902,79.798482
P0085,Anavilundawa,2030,0.460559,7.708902,79.798482
P0086,Anavilundawa,2026,0.430515,7.7075,79.799276
P0086,Anavilundawa,2027,0.470004,7.7075,79.799276
P0086,Anavilundawa,2028,0.473139,7.7075,79.799276
P0086,Anavilundawa,2029,0.47059,7.7075,79.799276
P0086,Anavilundawa,2030,0.470165,7.7075,79.799276
P0087,Anavilundawa,2026,0.403757,7.700511,79.801533
P0087,Anavilundawa,2027,0.362868,7.700511,79.801533
P0087,Anavilundawa,2028,0.38696,7.700511,79.801533
P0087,Anavilundawa,2029,0.382037,7.700511,79.801533
P0087,Anavilundawa,2030,0.384089,7.700511,79.801533
P0088,Anavilundawa,2026,0.313846,7.702392,79.799901
P0088,Anavilundawa,2027,0.362699,7.702392,79.799901
P0088,Anavilundawa,2028,0.281023,7.702392,79.799901
P0088,Anavilundawa,2029,0.314743,7.702392,79.799901
P0088,Anavilundawa,2030,0.332586,7.702392,79.799901
P0089,Anavilundawa,2026,0.611401,7.699334,79.801446
P0089,Anavilundawa,2027,0.638176,7.699334,79.801446
P0089,Anavilundawa,2028,0.600093,7.699334,79.801446
P0089,Anavilundawa,2029,0.622082,7.699334,79.801446
P0089,Anavilundawa,2030,0.619446,7.699334,79.801446
P0090,Anavilundawa,2026,0.538353,7.698999,79.803889
P0090,Anavilundawa,2027,0.60563,7.698999,79.803889
P0090,Anavilundawa,2028,0.598578,7.698999,79.803889
P0090,Anavilundawa,2029,0.614956,7.698999,79.803889
P0090,Anavilundawa,2030,0.609997,7.698999,79.803889
P0093,Anavilundawa,2026,0.28909,7.697443,79.803666
P0093,Anavilundawa,2027,0.273283,7.697443,79.803666
P0093,Anavilundawa,2028,0.180754,7.697443,79.803666
P0093,Anavilundawa,2029,0.18103,7.697443,79.803666
P0093,Anavilundawa,2030,0.183833,7.697443,79.803666
P0094,Anavilundawa,2026,0.725316,7.697074,79.804629
P0094,Anavilundawa,2027,0.759291,7.697074,79.804629
P0094,Anavilundawa,2028,0.759081,7.697074,79.804629
P0094,Anavilundawa,2029,0.781531,7.697074,79.804629
P0094,Anavilundawa,2030,0.787961,7.697074,79.804629
P0095,Anavilundawa,2026,0.1929,7.696556,79.803666
P0095,Anavilundawa,2027,0.197486,7.696556,79.803666
P0095,Anavilundawa,2028,0.188635,7.696556,79.803666
P0095,Anavilundawa,2029,0.168832,7.696556,79.803666
P0095,Anavilundawa,2030,0.158581,7.696556,79.803666
P0097,Anavilundawa,2026,0.46119,7.695445,79.802556
P0097,Anavilundawa,2027,0.325963,7.695445,79.802556
P0097,Anavilundawa,2028,0.378925,7.695445,79.802556
P0097,Anavilundawa,2029,0.387037,7.695445,79.802556
P0097,Anavilundawa,2030,0.405244,7.695445,79.802556
P0098,Anavilundawa,2026,0.2281,7.693371,79.803295
P0098,Anavilundawa,2027,0.281667,7.693371,79.803295
P0098,Anavilundawa,2028,0.305954,7.693371,79.803295
P0098,Anavilundawa,2029,0.300041,7.693371,79.803295
P0098,Anavilundawa,2030,0.287174,7.693371,79.803295
P0099,Anavilundawa,2026,0.425096,7.695649,79.801208
P0099,Anavilundawa,2027,0.343493,7.695649,79.801208
P0099,Anavilundawa,2028,0.389031,7.695649,79.801208
P0099,Anavilundawa,2029,0.360327,7.695649,79.801208
P0099,Anavilundawa,2030,0.373233,7.695649,79.801208
P0100,Anavilundawa,2026,0.347463,7.693074,79.802631
P0100,Anavilundawa,2027,0.436812,7.693074,79.802631
P0100,Anavilundawa,2028,0.401474,7.693074,79.802631
P0100,Anavilundawa,2029,0.415379,7.693074,79.802631
P0100,Anavilundawa,2030,0.414612,7.693074,79.802631
P0101,Anavilundawa,2026,0.304525,7.692377,79.803354
P0101,Anavilundawa,2027,0.350075,7.692377,79.803354
P0101,Anavilundawa,2028,0.331474,7.692377,79.803354
P0101,Anavilundawa,2029,0.360813,7.692377,79.803354
P0101,Anavilundawa,2030,0.369623,7.692377,79.803354
P0102,Anavilundawa,2026,0.124905,7.690556,79.802888
P0102,Anavilundawa,2027,0.077398,7.690556,79.802888
P0102,Anavilundawa,2028,0.101795,7.690556,79.802888
P0102,Anavilundawa,2029,0.099024,7.690556,79.802888
P0102,Anavilundawa,2030,0.087436,7.690556,79.802888
P0103,Anavilundawa,2026,0.161903,7.690001,79.801722
P0103,Anavilundawa,2027,0.122951,7.690001,79.801722
P0103,Anavilundawa,2028,0.106964,7.690001,79.801722
P0103,Anavilundawa,2029,0.118141,7.690001,79.801722
P0103,Anavilundawa,2030,0.119735,7.690001,79.801722
P0104,Anavilundawa,2026,0.138593,7.690335,79.802556
P0104,Anavilundawa,2027,0.119916,7.690335,79.802556
P0104,Anavilundawa,2028,0.103166,7.690335,79.802556
P0104,Anavilundawa,2029,0.112011,7.690335,79.802556
P0104,Anavilundawa,2030,0.10553,7.690335,79.802556
P0105,Merawala,2026,0.316137,7.566223,79.791444
P0105,Merawala,2027,0.277576,7.566223,79.791444
P0105,Merawala,2028,0.29107,7.566223,79.791444
P0105,Merawala,2029,0.29047,7.566223,79.791444
P0105,Merawala,2030,0.288708,7.566223,79.791444
P0106,Merawala,2026,0.627382,7.565222,79.794445
P0106,Merawala,2027,0.634409,7.565222,79.794445
P0106,Merawala,2028,0.650672,7.565222,79.794445
P0106,Merawala,2029,0.65605,7.565222,79.794445
P0106,Merawala,2030,0.680013,7.565222,79.794445
P0107,Merawala,2026,0.301498,7.565224,79.790688
P0107,Merawala,2027,0.226532,7.565224,79.790688
P0107,Merawala,2028,0.243841,7.565224,79.790688
P0107,Merawala,2029,0.23999,7.565224,79.790688
P0107,Merawala,2030,0.242241,7.565224,79.790688
P0108,Merawala,2026,0.638406,7.564611,79.792759
P0108,Merawala,2027,0.635268,7.564611,79.792759
P0108,Merawala,2028,0.605647,7.564611,79.792759
P0108,Merawala,2029,0.605933,7.564611,79.792759
P0108,Merawala,2030,0.61665,7.564611,79.792759
P0109,Merawala,2026,0.521312,7.563628,79.795108
P0109,Merawala,2027,0.524446,7.563628,79.795108
P0109,Merawala,2028,0.487263,7.563628,79.795108
P0109,Merawala,2029,0.485179,7.563628,79.795108
P0109,Merawala,2030,0.522985,7.563628,79.795108
P0110,Merawala,2026,0.492213,7.561333,79.797
P0110,Merawala,2027,0.511203,7.561333,79.797
P0110,Merawala,2028,0.485523,7.561333,79.797
P0110,Merawala,2029,0.496397,7.561333,79.797
P0110,Merawala,2030,0.517704,7.561333,79.797
P0111,Merawala,2026,0.595024,7.561088,79.798733
P0111,Merawala,2027,0.656931,7.561088,79.798733
P0111,Merawala,2028,0.675595,7.561088,79.798733
P0111,Merawala,2029,0.658771,7.561088,79.798733
P0111,Merawala,2030,0.722885,7.561088,79.798733
P0112,Merawala,2026,0.634575,7.560332,79.798728
P0112,Merawala,2027,0.637653,7.560332,79.798728
P0112,Merawala,2028,0.702241,7.560332,79.798728
P0112,Merawala,2029,0.724218,7.560332,79.798728
P0112,Merawala,2030,0.746728,7.560332,79.798728
P0113,Merawala,2026,0.534873,7.560223,79.800113
P0113,Merawala,2027,0.60269,7.560223,79.800113
P0113,Merawala,2028,0.648849,7.560223,79.800113
P0113,Merawala,2029,0.675266,7.560223,79.800113
P0113,Merawala,2030,0.685487,7.560223,79.800113
P0114,Merawala,2026,0.25668,7.559634,79.792813
P0114,Merawala,2027,0.299043,7.559634,79.792813
P0114,Merawala,2028,0.319444,7.559634,79.792813
P0114,Merawala,2029,0.328465,7.559634,79.792813
P0114,Merawala,2030,0.3368,7.559634,79.792813
P0115,Merawala,2026,0.287005,7.558969,79.793905
P0115,Merawala,2027,0.303519,7.558969,79.793905
P0115,Merawala,2028,0.485735,7.558969,79.793905
P0115,Merawala,2029,0.469917,7.558969,79.793905
P0115,Merawala,2030,0.464804,7.558969,79.793905
P0116,Merawala,2026,0.283401,7.558511,79.793134
P0116,Merawala,2027,0.308497,7.558511,79.793134
P0116,Merawala,2028,0.474032,7.558511,79.793134
P0116,Merawala,2029,0.4416,7.558511,79.793134
P0116,Merawala,2030,0.453631,7.558511,79.793134
P0117,Merawala,2026,0.750686,7.558296,79.798296
P0117,Merawala,2027,0.76794,7.558296,79.798296
P0117,Merawala,2028,0.767065,7.558296,79.798296
P0117,Merawala,2029,0.768801,7.558296,79.798296
P0117,Merawala,2030,0.76863,7.558296,79.798296
P0118,Merawala,2026,0.51767,7.55782,79.800015
P0118,Merawala,2027,0.540016,7.55782,79.800015
P0118,Merawala,2028,0.52146,7.55782,79.800015
P0118,Merawala,2029,0.522803,7.55782,79.800015
P0118,Merawala,2030,0.517552,7.55782,79.800015
P0119,Merawala,2026,0.730782,7.557921,79.801317
P0119,Merawala,2027,0.725212,7.557921,79.801317
P0119,Merawala,2028,0.739706,7.557921,79.801317
P0119,Merawala,2029,0.756909,7.557921,79.801317
P0119,Merawala,2030,0.777442,7.557921,79.801317
P0120,Merawala,2026,0.543914,7.557613,79.79441
P0120,Merawala,2027,0.568904,7.557613,79.79441
P0120,Merawala,2028,0.688407,7.557613,79.79441
P0120,Merawala,2029,0.731859,7.557613,79.79441
P0120,Merawala,2030,0.763015,7.557613,79.79441
P0121,Merawala,2026,0.659808,7.557506,79.798012
P0121,Merawala,2027,0.651711,7.557506,79.798012
P0121,Merawala,2028,0.682751,7.557506,79.798012
P0121,Merawala,2029,0.715302,7.557506,79.798012
P0121,Merawala,2030,0.716785,7.557506,79.798012
P0122,Merawala,2026,0.526073,7.556999,79.799444
P0122,Merawala,2027,0.463525,7.556999,79.799444
P0122,Merawala,2028,0.465836,7.556999,79.799444
P0122,Merawala,2029,0.464025,7.556999,79.799444
P0122,Merawala,2030,0.466572,7.556999,79.799444
P0123,Merawala,2026,0.323265,7.556776,79.799112
P0123,Merawala,2027,0.31194,7.556776,79.799112
P0123,Merawala,2028,0.332813,7.556776,79.799112
P0123,Merawala,2029,0.33041,7.556776,79.799112
P0123,Merawala,2030,0.328787,7.556776,79.799112
P0124,Merawala,2026,0.641971,7.556481,79.794184
P0124,Merawala,2027,0.688484,7.556481,79.794184
P0124,Merawala,2028,0.754618,7.556481,79.794184
P0124,Merawala,2029,0.768278,7.556481,79.794184
P0124,Merawala,2030,0.759976,7.556481,79.794184
P0125,Merawala,2026,0.661856,7.556335,79.801887
P0125,Merawala,2027,0.671341,7.556335,79.801887
P0125,Merawala,2028,0.678864,7.556335,79.801887
P0125,Merawala,2029,0.684719,7.556335,79.801887
P0125,Merawala,2030,0.700269,7.556335,79.801887
P0126,Merawala,2026,0.582645,7.556491,79.795801
P0126,Merawala,2027,0.638844,7.556491,79.795801
P0126,Merawala,2028,0.681585,7.556491,79.795801
P0126,Merawala,2029,0.685115,7.556491,79.795801
P0126,Merawala,2030,0.73263,7.556491,79.795801
P0127,Merawala,2026,0.312079,7.556289,79.799488
P0127,Merawala,2027,0.30678,7.556289,79.799488
P0127,Merawala,2028,0.345656,7.556289,79.799488
P0127,Merawala,2029,0.359798,7.556289,79.799488
P0127,Merawala,2030,0.370821,7.556289,79.799488
P0128,Merawala,2026,0.569779,7.555815,79.800408
P0128,Merawala,2027,0.539323,7.555815,79.800408
P0128,Merawala,2028,0.6114,7.555815,79.800408
P0128,Merawala,2029,0.609893,7.555815,79.800408
P0128,Merawala,2030,0.614922,7.555815,79.800408
P0129,Merawala,2026,0.309664,7.555538,79.797953
P0129,Merawala,2027,0.362907,7.555538,79.797953
P0129,Merawala,2028,0.398165,7.555538,79.797953
P0129,Merawala,2029,0.403341,7.555538,79.797953
P0129,Merawala,2030,0.406694,7.555538,79.797953
P0130,Merawala,2026,0.692674,7.555001,79.797667
P0130,Merawala,2027,0.587226,7.555001,79.797667
P0130,Merawala,2028,0.687403,7.555001,79.797667
P0130,Merawala,2029,0.659066,7.555001,79.797667
P0130,Merawala,2030,0.765239,7.555001,79.797667
P0131,Merawala,2026,0.406215,7.551443,79.798333
P0131,Merawala,2027,0.344505,7.551443,79.798333
P0131,Merawala,2028,0.342095,7.551443,79.798333
P0131,Merawala,2029,0.342826,7.551443,79.798333
P0131,Merawala,2030,0.341091,7.551443,79.798333
P0132,Merawala,2026,0.564976,7.551297,79.803816
P0132,Merawala,2027,0.577367,7.551297,79.803816
P0132,Merawala,2028,0.605653,7.551297,79.803816
P0132,Merawala,2029,0.615153,7.551297,79.803816
P0132,Merawala,2030,0.603221,7.551297,79.803816
P0133,Merawala,2026,0.69754,7.549217,79.805615
P0133,Merawala,2027,0.735655,7.549217,79.805615
P0133,Merawala,2028,0.741404,7.549217,79.805615
P0133,Merawala,2029,0.751397,7.549217,79.805615
P0133,Merawala,2030,0.753041,7.549217,79.805615
P0134,Merawala,2026,0.586214,7.548743,79.804152
P0134,Merawala,2027,0.609951,7.548743,79.804152
P0134,Merawala,2028,0.602614,7.548743,79.804152
P0134,Merawala,2029,0.611048,7.548743,79.804152
P0134,Merawala,2030,0.615306,7.548743,79.804152
P0135,Merawala,2026,0.692783,7.547056,79.800273
P0135,Merawala,2027,0.656573,7.547056,79.800273
P0135,Merawala,2028,0.651967,7.547056,79.800273
P0135,Merawala,2029,0.644837,7.547056,79.800273
P0135,Merawala,2030,0.639223,7.547056,79.800273
P0136,Merawala,2026,0.380994,7.546667,79.804888
P0136,Merawala,2027,0.31502,7.546667,79.804888
P0136,Merawala,2028,0.331944,7.546667,79.804888
P0136,Merawala,2029,0.329554,7.546667,79.804888
P0136,Merawala,2030,0.335805,7.546667,79.804888
P0137,Merawala,2026,0.26484,7.545223,79.797888
P0137,Merawala,2027,0.24595,7.545223,79.797888
P0137,Merawala,2028,0.167979,7.545223,79.797888
P0137,Merawala,2029,0.162982,7.545223,79.797888
P0137,Merawala,2030,0.159907,7.545223,79.797888
P0138,Merawala,2026,0.699467,7.542779,79.798779
P0138,Merawala,2027,0.701643,7.542779,79.798779
P0138,Merawala,2028,0.741913,7.542779,79.798779
P0138,Merawala,2029,0.743634,7.542779,79.798779
P0138,Merawala,2030,0.772188,7.542779,79.798779
P0139,Ambakandawila,2026,0.762614,7.53989,79.79989
P0139,Ambakandawila,2027,0.761446,7.53989,79.79989
P0139,Ambakandawila,2028,0.765604,7.53989,79.79989
P0139,Ambakandawila,2029,0.727852,7.53989,79.79989
P0139,Ambakandawila,2030,0.735805,7.53989,79.79989
P0140,Ambakandawila,2026,0.640776,7.535089,79.798511
P0140,Ambakandawila,2027,0.694771,7.535089,79.798511
P0140,Ambakandawila,2028,0.758161,7.535089,79.798511
P0140,Ambakandawila,2029,0.774169,7.535089,79.798511
P0140,Ambakandawila,2030,0.784438,7.535089,79.798511
P0141,Merawala,2026,0.595242,7.547789,79.798363
P0141,Merawala,2027,0.559331,7.547789,79.798363
P0141,Merawala,2028,0.607316,7.547789,79.798363
P0141,Merawala,2029,0.614072,7.547789,79.798363
P0141,Merawala,2030,0.617213,7.547789,79.798363
P0142,Ambakandawila,2026,0.705156,7.532751,79.798111
P0142,Ambakandawila,2027,0.709148,7.532751,79.798111
P0142,Ambakandawila,2028,0.72753,7.532751,79.798111
P0142,Ambakandawila,2029,0.7338,7.532751,79.798111
P0142,Ambakandawila,2030,0.738107,7.532751,79.798111
P0143,Kakkapalliya,2026,0.73635,7.526111,79.819554
P0143,Kakkapalliya,2027,0.765854,7.526111,79.819554
P0143,Kakkapalliya,2028,0.783076,7.526111,79.819554
P0143,Kakkapalliya,2029,0.752959,7.526111,79.819554
P0143,Kakkapalliya,2030,0.752582,7.526111,79.819554
P0144,Pambala,2026,0.723411,7.524471,79.822943
P0144,Pambala,2027,0.725476,7.524471,79.822943
P0144,Pambala,2028,0.558047,7.524471,79.822943
P0144,Pambala,2029,0.540717,7.524471,79.822943
P0144,Pambala,2030,0.538446,7.524471,79.822943
P0145,Kakkapalliya,2026,0.805961,7.525346,79.821178
P0145,Kakkapalliya,2027,0.797633,7.525346,79.821178
P0145,Kakkapalliya,2028,0.775876,7.525346,79.821178
P0145,Kakkapalliya,2029,0.786636,7.525346,79.821178
P0145,Kakkapalliya,2030,0.790775,7.525346,79.821178
P0146,Pambala,2026,0.789688,7.523612,79.823944
P0146,Pambala,2027,0.774224,7.523612,79.823944
P0146,Pambala,2028,0.783072,7.523612,79.823944
P0146,Pambala,2029,0.784061,7.523612,79.823944
P0146,Pambala,2030,0.791161,7.523612,79.823944
P0147,Ambakandawila,2026,0.605932,7.526971,79.802079
P0147,Ambakandawila,2027,0.578089,7.526971,79.802079
P0147,Ambakandawila,2028,0.583362,7.526971,79.802079
P0147,Ambakandawila,2029,0.599144,7.526971,79.802079
P0147,Ambakandawila,2030,0.598845,7.526971,79.802079
P0148,Ambakandawila,2026,0.345016,7.522569,79.801783
P0148,Ambakandawila,2027,0.273301,7.522569,79.801783
P0148,Ambakandawila,2028,0.277313,7.522569,79.801783
P0148,Ambakandawila,2029,0.269205,7.522569,79.801783
P0148,Ambakandawila,2030,0.290724,7.522569,79.801783
P0149,Ambakandawila,2026,0.215404,7.522166,79.803
P0149,Ambakandawila,2027,0.14863,7.522166,79.803
P0149,Ambakandawila,2028,0.137143,7.522166,79.803
P0149,Ambakandawila,2029,0.118848,7.522166,79.803
P0149,Ambakandawila,2030,0.121486,7.522166,79.803
P0150,Pambala,2026,0.702188,7.521222,79.824941
P0150,Pambala,2027,0.700701,7.521222,79.824941
P0150,Pambala,2028,0.69404,7.521222,79.824941
P0150,Pambala,2029,0.703522,7.521222,79.824941
P0150,Pambala,2030,0.706227,7.521222,79.824941
P0151,Pambala,2026,0.819713,7.519508,79.825794
P0151,Pambala,2027,0.821641,7.519508,79.825794
P0151,Pambala,2028,0.826006,7.519508,79.825794
P0151,Pambala,2029,0.828952,7.519508,79.825794
P0151,Pambala,2030,0.828093,7.519508,79.825794
P0152,Pambala,2026,0.725361,7.518889,79.826223
P0152,Pambala,2027,0.727802,7.518889,79.826223
P0152,Pambala,2028,0.747611,7.518889,79.826223
P0152,Pambala,2029,0.752182,7.518889,79.826223
P0152,Pambala,2030,0.779262,7.518889,79.826223
P0153,Ambakandawila,2026,0.792711,7.518273,79.80407
P0153,Ambakandawila,2027,0.756799,7.518273,79.80407
P0153,Ambakandawila,2028,0.773509,7.518273,79.80407
P0153,Ambakandawila,2029,0.774211,7.518273,79.80407
P0153,Ambakandawila,2030,0.807302,7.518273,79.80407
P0154,Ambakandawila,2026,0.828381,7.518334,79.804777
P0154,Ambakandawila,2027,0.823826,7.518334,79.804777
P0154,Ambakandawila,2028,0.832915,7.518334,79.804777
P0154,Ambakandawila,2029,0.825116,7.518334,79.804777
P0154,Ambakandawila,2030,0.82981,7.518334,79.804777
P0155,Ambakandawila,2026,0.810735,7.517628,79.805745
P0155,Ambakandawila,2027,0.822524,7.517628,79.805745
P0155,Ambakandawila,2028,0.833077,7.517628,79.805745
P0155,Ambakandawila,2029,0.831742,7.517628,79.805745
P0155,Ambakandawila,2030,0.834805,7.517628,79.805745
P0156,Iranawila,2026,0.696042,7.512332,79.804333
P0156,Iranawila,2027,0.68315,7.512332,79.804333
P0156,Iranawila,2028,0.70349,7.512332,79.804333
P0156,Iranawila,2029,0.720124,7.512332,79.804333
P0156,Iranawila,2030,0.722596,7.512332,79.804333
P0157,Iranawila,2026,0.670455,7.514399,79.804354
P0157,Iranawila,2027,0.634218,7.514399,79.804354
P0157,Iranawila,2028,0.70587,7.514399,79.804354
P0157,Iranawila,2029,0.713366,7.514399,79.804354
P0157,Iranawila,2030,0.730058,7.514399,79.804354
P0158,Pambala,2026,0.397521,7.511036,79.818816
P0158,Pambala,2027,0.450549,7.511036,79.818816
P0158,Pambala,2028,0.393167,7.511036,79.818816
P0158,Pambala,2029,0.384773,7.511036,79.818816
P0158,Pambala,2030,0.379037,7.511036,79.818816
P0159,Pambala,2026,0.315932,7.510014,79.820016
P0159,Pambala,2027,0.2791,7.510014,79.820016
P0159,Pambala,2028,0.260678,7.510014,79.820016
P0159,Pambala,2029,0.246881,7.510014,79.820016
P0159,Pambala,2030,0.248495,7.510014,79.820016
P0160,Pambala,2026,0.318775,7.509222,79.819889
P0160,Pambala,2027,0.31931,7.509222,79.819889
P0160,Pambala,2028,0.300121,7.509222,79.819889
P0160,Pambala,2029,0.282426,7.509222,79.819889
P0160,Pambala,2030,0.27276,7.509222,79.819889
P0161,Pambala,2026,0.357954,7.507555,79.818945
P0161,Pambala,2027,0.388972,7.507555,79.818945
P0161,Pambala,2028,0.369676,7.507555,79.818945
P0161,Pambala,2029,0.36868,7.507555,79.818945
P0161,Pambala,2030,0.374086,7.507555,79.818945
P0162,Pambala,2026,0.253881,7.507668,79.817889
P0162,Pambala,2027,0.282047,7.507668,79.817889
P0162,Pambala,2028,0.274221,7.507668,79.817889
P0162,Pambala,2029,0.302249,7.507668,79.817889
P0162,Pambala,2030,0.284882,7.507668,79.817889
P0163,Pambala,2026,0.392818,7.506888,79.818332
P0163,Pambala,2027,0.375819,7.506888,79.818332
P0163,Pambala,2028,0.472318,7.506888,79.818332
P0163,Pambala,2029,0.500284,7.506888,79.818332
P0163,Pambala,2030,0.511316,7.506888,79.818332
P0164,Pambala,2026,0.409268,7.506999,79.818778
P0164,Pambala,2027,0.391923,7.506999,79.818778
P0164,Pambala,2028,0.390714,7.506999,79.818778
P0164,Pambala,2029,0.426261,7.506999,79.818778
P0164,Pambala,2030,0.441721,7.506999,79.818778
P0165,Pambala,2026,0.725389,7.506999,79.821222
P0165,Pambala,2027,0.731168,7.506999,79.821222
P0165,Pambala,2028,0.77371,7.506999,79.821222
P0165,Pambala,2029,0.770073,7.506999,79.821222
P0165,Pambala,2030,0.824729,7.506999,79.821222
P0166,Pambala,2026,0.605343,7.506999,79.826555
P0166,Pambala,2027,0.652295,7.506999,79.826555
P0166,Pambala,2028,0.576498,7.506999,79.826555
P0166,Pambala,2029,0.571579,7.506999,79.826555
P0166,Pambala,2030,0.575925,7.506999,79.826555
P0167,Pambala,2026,0.717395,7.506776,79.820999
P0167,Pambala,2027,0.703467,7.506776,79.820999
P0167,Pambala,2028,0.782458,7.506776,79.820999
P0167,Pambala,2029,0.785901,7.506776,79.820999
P0167,Pambala,2030,0.774414,7.506776,79.820999
P0168,Pambala,2026,0.744386,7.506667,79.826779
P0168,Pambala,2027,0.737879,7.506667,79.826779
P0168,Pambala,2028,0.752553,7.506667,79.826779
P0168,Pambala,2029,0.78528,7.506667,79.826779
P0168,Pambala,2030,0.791904,7.506667,79.826779
P0169,Pambala,2026,0.57309,7.507226,79.820432
P0169,Pambala,2027,0.58898,7.507226,79.820432
P0169,Pambala,2028,0.58353,7.507226,79.820432
P0169,Pambala,2029,0.589745,7.507226,79.820432
P0169,Pambala,2030,0.590683,7.507226,79.820432
P0170,Pambala,2026,0.318999,7.506444,79.818555
P0170,Pambala,2027,0.322713,7.506444,79.818555
P0170,Pambala,2028,0.383109,7.506444,79.818555
P0170,Pambala,2029,0.400347,7.506444,79.818555
P0170,Pambala,2030,0.409519,7.506444,79.818555
P0171,Pambala,2026,0.282297,7.505889,79.817889
P0171,Pambala,2027,0.335186,7.505889,79.817889
P0171,Pambala,2028,0.344252,7.505889,79.817889
P0171,Pambala,2029,0.347439,7.505889,79.817889
P0171,Pambala,2030,0.340918,7.505889,79.817889
P0172,Pambala,2026,0.206237,7.504333,79.820112
P0172,Pambala,2027,0.238921,7.504333,79.820112
P0172,Pambala,2028,0.204849,7.504333,79.820112
P0172,Pambala,2029,0.193795,7.504333,79.820112
P0172,Pambala,2030,0.189049,7.504333,79.820112
P0173,Pambala,2026,0.786804,7.503741,79.827333
P0173,Pambala,2027,0.815886,7.503741,79.827333
P0173,Pambala,2028,0.817658,7.503741,79.827333
P0173,Pambala,2029,0.82428,7.503741,79.827333
P0173,Pambala,2030,0.824226,7.503741,79.827333
P0174,Pambala,2026,0.171819,7.503063,79.81801
P0174,Pambala,2027,0.270901,7.503063,79.81801
P0174,Pambala,2028,0.231893,7.503063,79.81801
P0174,Pambala,2029,0.23014,7.503063,79.81801
P0174,Pambala,2030,0.230231,7.503063,79.81801
P0175,Iranawila,2026,0.185998,7.502776,79.817222
P0175,Iranawila,2027,0.289776,7.502776,79.817222
P0175,Iranawila,2028,0.24265,7.502776,79.817222
P0175,Iranawila,2029,0.245247,7.502776,79.817222
P0175,Iranawila,2030,0.247265,7.502776,79.817222
P0176,Iranawila,2026,0.359409,7.501945,79.813667
P0176,Iranawila,2027,0.365945,7.501945,79.813667
P0176,Iranawila,2028,0.403092,7.501945,79.813667
P0176,Iranawila,2029,0.387575,7.501945,79.813667
P0176,Iranawila,2030,0.39004,7.501945,79.813667
P0177,Iranawila,2026,0.626723,7.501602,79.815857
P0177,Iranawila,2027,0.619979,7.501602,79.815857
P0177,Iranawila,2028,0.689798,7.501602,79.815857
P0177,Iranawila,2029,0.693562,7.501602,79.815857
P0177,Iranawila,2030,0.711864,7.501602,79.815857
P0178,Iranawila,2026,0.456371,7.501159,79.818873
P0178,Iranawila,2027,0.507935,7.501159,79.818873
P0178,Iranawila,2028,0.539109,7.501159,79.818873
P0178,Iranawila,2029,0.544461,7.501159,79.818873
P0178,Iranawila,2030,0.54351,7.501159,79.818873
P0179,Iranawila,2026,0.310528,7.500835,79.818111
P0179,Iranawila,2027,0.320293,7.500835,79.818111
P0179,Iranawila,2028,0.304745,7.500835,79.818111
P0179,Iranawila,2029,0.306301,7.500835,79.818111
P0179,Iranawila,2030,0.303699,7.500835,79.818111
P0180,Iranawila,2026,0.351049,7.500333,79.819222
P0180,Iranawila,2027,0.429846,7.500333,79.819222
P0180,Iranawila,2028,0.504817,7.500333,79.819222
P0180,Iranawila,2029,0.504868,7.500333,79.819222
P0180,Iranawila,2030,0.506851,7.500333,79.819222
P0181,Iranawila,2026,0.56102,7.499979,79.816733
P0181,Iranawila,2027,0.576147,7.499979,79.816733
P0181,Iranawila,2028,0.577949,7.499979,79.816733
P0181,Iranawila,2029,0.584909,7.499979,79.816733
P0181,Iranawila,2030,0.57916,7.499979,79.816733
P0182,Old Madampe Town,2026,0.590084,7.498452,79.824899
P0182,Old Madampe Town,2027,0.592072,7.498452,79.824899
P0182,Old Madampe Town,2028,0.625995,7.498452,79.824899
P0182,Old Madampe Town,2029,0.638801,7.498452,79.824899
P0182,Old Madampe Town,2030,0.645733,7.498452,79.824899
P0183,Old Madampe Town,2026,0.55538,7.497964,79.825593
P0183,Old Madampe Town,2027,0.557582,7.497964,79.825593
P0183,Old Madampe Town,2028,0.566725,7.497964,79.825593
P0183,Old Madampe Town,2029,0.565542,7.497964,79.825593
P0183,Old Madampe Town,2030,0.570582,7.497964,79.825593
P0184,Iranawila,2026,0.813814,7.497369,79.814593
P0184,Iranawila,2027,0.810108,7.497369,79.814593
P0184,Iranawila,2028,0.833587,7.497369,79.814593
P0184,Iranawila,2029,0.827765,7.497369,79.814593
P0184,Iranawila,2030,0.829301,7.497369,79.814593
P0185,Old Madampe Town,2026,0.369624,7.497443,79.823666
P0185,Old Madampe Town,2027,0.467515,7.497443,79.823666
P0185,Old Madampe Town,2028,0.53212,7.497443,79.823666
P0185,Old Madampe Town,2029,0.530165,7.497443,79.823666
P0185,Old Madampe Town,2030,0.523005,7.497443,79.823666
P0186,Iranawila,2026,0.830031,7.497,79.81411
P0186,Iranawila,2027,0.827815,7.497,79.81411
P0186,Iranawila,2028,0.836329,7.497,79.81411
P0186,Iranawila,2029,0.836203,7.497,79.81411
P0186,Iranawila,2030,0.83623,7.497,79.81411
P0187,Old Madampe Town,2026,0.597645,7.496333,79.825445
P0187,Old Madampe Town,2027,0.610697,7.496333,79.825445
P0187,Old Madampe Town,2028,0.644308,7.496333,79.825445
P0187,Old Madampe Town,2029,0.649149,7.496333,79.825445
P0187,Old Madampe Town,2030,0.660799,7.496333,79.825445
P0188,Old Madampe Town,2026,0.574728,7.49611,79.824999
P0188,Old Madampe Town,2027,0.550584,7.49611,79.824999
P0188,Old Madampe Town,2028,0.572529,7.49611,79.824999
P0188,Old Madampe Town,2029,0.586093,7.49611,79.824999
P0188,Old Madampe Town,2030,0.601398,7.49611,79.824999
P0189,Old Madampe Town,2026,0.604972,7.495887,79.817889
P0189,Old Madampe Town,2027,0.634698,7.495887,79.817889
P0189,Old Madampe Town,2028,0.629102,7.495887,79.817889
P0189,Old Madampe Town,2029,0.630872,7.495887,79.817889
P0189,Old Madampe Town,2030,0.625831,7.495887,79.817889
P0190,Old Madampe Town,2026,0.619932,7.496225,79.817223
P0190,Old Madampe Town,2027,0.65624,7.496225,79.817223
P0190,Old Madampe Town,2028,0.702213,7.496225,79.817223
P0190,Old Madampe Town,2029,0.704439,7.496225,79.817223
P0190,Old Madampe Town,2030,0.710777,7.496225,79.817223
P0191,Old Madampe Town,2026,0.55434,7.4954,79.822956
P0191,Old Madampe Town,2027,0.543728,7.4954,79.822956
P0191,Old Madampe Town,2028,0.54003,7.4954,79.822956
P0191,Old Madampe Town,2029,0.53869,7.4954,79.822956
P0191,Old Madampe Town,2030,0.530488,7.4954,79.822956
P0192,Old Madampe Town,2026,0.668099,7.495666,79.823666
P0192,Old Madampe Town,2027,0.650413,7.495666,79.823666
P0192,Old Madampe Town,2028,0.656538,7.495666,79.823666
P0192,Old Madampe Town,2029,0.665688,7.495666,79.823666
P0192,Old Madampe Town,2030,0.652473,7.495666,79.823666
P0193,Old Madampe Town,2026,0.527371,7.494556,79.822444
P0193,Old Madampe Town,2027,0.525678,7.494556,79.822444
P0193,Old Madampe Town,2028,0.530994,7.494556,79.822444
P0193,Old Madampe Town,2029,0.539284,7.494556,79.822444
P0193,Old Madampe Town,2030,0.542864,7.494556,79.822444
P0194,Thoduwawa,2026,0.537576,7.494628,79.815148
P0194,Thoduwawa,2027,0.518422,7.494628,79.815148
P0194,Thoduwawa,2028,0.579911,7.494628,79.815148
P0194,Thoduwawa,2029,0.576229,7.494628,79.815148
P0194,Thoduwawa,2030,0.564586,7.494628,79.815148
P0195,Old Madampe Town,2026,0.55012,7.494445,79.82426
P0195,Old Madampe Town,2027,0.519733,7.494445,79.82426
P0195,Old Madampe Town,2028,0.552187,7.494445,79.82426
P0195,Old Madampe Town,2029,0.558544,7.494445,79.82426
P0195,Old Madampe Town,2030,0.56184,7.494445,79.82426
P0196,Old Madampe Town,2026,0.619127,7.494167,79.823
P0196,Old Madampe Town,2027,0.641412,7.494167,79.823
P0196,Old Madampe Town,2028,0.657186,7.494167,79.823
P0196,Old Madampe Town,2029,0.650123,7.494167,79.823
P0196,Old Madampe Town,2030,0.65946,7.494167,79.823
P0198,Old Madampe Town,2026,0.483869,7.493488,79.824156
P0198,Old Madampe Town,2027,0.486377,7.493488,79.824156
P0198,Old Madampe Town,2028,0.520497,7.493488,79.824156
P0198,Old Madampe Town,2029,0.520825,7.493488,79.824156
P0198,Old Madampe Town,2030,0.524571,7.493488,79.824156
P0199,Iranawila,2026,0.504876,7.493295,79.801962
P0199,Iranawila,2027,0.541318,7.493295,79.801962
P0199,Iranawila,2028,0.529585,7.493295,79.801962
P0199,Iranawila,2029,0.528911,7.493295,79.801962
P0199,Iranawila,2030,0.528727,7.493295,79.801962
P0200,Iranawila,2026,0.817827,7.493,79.803889
P0200,Iranawila,2027,0.815421,7.493,79.803889
P0200,Iranawila,2028,0.825498,7.493,79.803889
P0200,Iranawila,2029,0.827962,7.493,79.803889
P0200,Iranawila,2030,0.829158,7.493,79.803889
P0201,Old Madampe Town,2026,0.580648,7.492888,79.823888
P0201,Old Madampe Town,2027,0.541004,7.492888,79.823888
P0201,Old Madampe Town,2028,0.588582,7.492888,79.823888
P0201,Old Madampe Town,2029,0.584981,7.492888,79.823888
P0201,Old Madampe Town,2030,0.586048,7.492888,79.823888
P0202,Pambala,2026,0.744449,7.509321,79.81565
P0202,Pambala,2027,0.727802,7.509321,79.81565
P0202,Pambala,2028,0.747926,7.509321,79.81565
P0202,Pambala,2029,0.789638,7.509321,79.81565
P0202,Pambala,2030,0.806828,7.509321,79.81565
P0203,Iranawila,2026,0.489259,7.492417,79.801806
P0203,Iranawila,2027,0.539726,7.492417,79.801806
P0203,Iranawila,2028,0.533743,7.492417,79.801806
P0203,Iranawila,2029,0.538605,7.492417,79.801806
P0203,Iranawila,2030,0.53487,7.492417,79.801806
P0204,Thoduwawa,2026,0.580578,7.49211,79.814556
P0204,Thoduwawa,2027,0.534753,7.49211,79.814556
P0204,Thoduwawa,2028,0.614255,7.49211,79.814556
P0204,Thoduwawa,2029,0.634547,7.49211,79.814556
P0204,Thoduwawa,2030,0.629119,7.49211,79.814556
P0205,Old Madampe Town,2026,0.570292,7.491847,79.819376
P0205,Old Madampe Town,2027,0.590689,7.491847,79.819376
P0205,Old Madampe Town,2028,0.626495,7.491847,79.819376
P0205,Old Madampe Town,2029,0.636869,7.491847,79.819376
P0205,Old Madampe Town,2030,0.646414,7.491847,79.819376
P0206,Thoduwawa,2026,0.495623,7.491223,79.813668
P0206,Thoduwawa,2027,0.554144,7.491223,79.813668
P0206,Thoduwawa,2028,0.569727,7.491223,79.813668
P0206,Thoduwawa,2029,0.582725,7.491223,79.813668
P0206,Thoduwawa,2030,0.577219,7.491223,79.813668
P0207,Thoduwawa,2026,0.35087,7.490554,79.810779
P0207,Thoduwawa,2027,0.480031,7.490554,79.810779
P0207,Thoduwawa,2028,0.515,7.490554,79.810779
P0207,Thoduwawa,2029,0.508391,7.490554,79.810779
P0207,Thoduwawa,2030,0.530531,7.490554,79.810779
P0208,Thoduwawa,2026,0.141347,7.490481,79.808852
P0208,Thoduwawa,2027,0.150083,7.490481,79.808852
P0208,Thoduwawa,2028,0.166175,7.490481,79.808852
P0208,Thoduwawa,2029,0.16607,7.490481,79.808852
P0208,Thoduwawa,2030,0.170556,7.490481,79.808852
P0209,Thoduwawa,2026,0.355297,7.489667,79.809
P0209,Thoduwawa,2027,0.364682,7.489667,79.809
P0209,Thoduwawa,2028,0.472049,7.489667,79.809
P0209,Thoduwawa,2029,0.482494,7.489667,79.809
P0209,Thoduwawa,2030,0.486558,7.489667,79.809
P0210,Thoduwawa,2026,0.204449,7.489444,79.805666
P0210,Thoduwawa,2027,0.327003,7.489444,79.805666
P0210,Thoduwawa,2028,0.323776,7.489444,79.805666
P0210,Thoduwawa,2029,0.322332,7.489444,79.805666
P0210,Thoduwawa,2030,0.321756,7.489444,79.805666
P0211,Thoduwawa,2026,0.563861,7.489444,79.81089
P0211,Thoduwawa,2027,0.572595,7.489444,79.81089
P0211,Thoduwawa,2028,0.590876,7.489444,79.81089
P0211,Thoduwawa,2029,0.606295,7.489444,79.81089
P0211,Thoduwawa,2030,0.614887,7.489444,79.81089
P0212,Thoduwawa,2026,0.739747,7.487887,79.810667
P0212,Thoduwawa,2027,0.772483,7.487887,79.810667
P0212,Thoduwawa,2028,0.826074,7.487887,79.810667
P0212,Thoduwawa,2029,0.800353,7.487887,79.810667
P0212,Thoduwawa,2030,0.805945,7.487887,79.810667
P0213,Thoduwawa,2026,0.094248,7.486777,79.807889
P0213,Thoduwawa,2027,0.113098,7.486777,79.807889
P0213,Thoduwawa,2028,0.142535,7.486777,79.807889
P0213,Thoduwawa,2029,0.154343,7.486777,79.807889
P0213,Thoduwawa,2030,0.153763,7.486777,79.807889
P0214,Thoduwawa,2026,0.528926,7.485704,79.807443
P0214,Thoduwawa,2027,0.449639,7.485704,79.807443
P0214,Thoduwawa,2028,0.528369,7.485704,79.807443
P0214,Thoduwawa,2029,0.528862,7.485704,79.807443
P0214,Thoduwawa,2030,0.515342,7.485704,79.807443
P0215,Thoduwawa,2026,0.596329,7.485603,79.815661
P0215,Thoduwawa,2027,0.59127,7.485603,79.815661
P0215,Thoduwawa,2028,0.633096,7.485603,79.815661
P0215,Thoduwawa,2029,0.645549,7.485603,79.815661
P0215,Thoduwawa,2030,0.645501,7.485603,79.815661
P0216,Thoduwawa,2026,0.585814,7.484408,79.81574
P0216,Thoduwawa,2027,0.625579,7.484408,79.81574
P0216,Thoduwawa,2028,0.656247,7.484408,79.81574
P0216,Thoduwawa,2029,0.656921,7.484408,79.81574
P0216,Thoduwawa,2030,0.655978,7.484408,79.81574
P0217,Thoduwawa,2026,0.657695,7.484334,79.816556
P0217,Thoduwawa,2027,0.663848,7.484334,79.816556
P0217,Thoduwawa,2028,0.665291,7.484334,79.816556
P0217,Thoduwawa,2029,0.666407,7.484334,79.816556
P0217,Thoduwawa,2030,0.670712,7.484334,79.816556
P0218,Thoduwawa,2026,0.651604,7.483278,79.815514
P0218,Thoduwawa,2027,0.662381,7.483278,79.815514
P0218,Thoduwawa,2028,0.647119,7.483278,79.815514
P0218,Thoduwawa,2029,0.659478,7.483278,79.815514
P0218,Thoduwawa,2030,0.652163,7.483278,79.815514
P0219,Old Madampe Town,2026,0.555917,7.482629,79.820186
P0219,Old Madampe Town,2027,0.53256,7.482629,79.820186
P0219,Old Madampe Town,2028,0.575972,7.482629,79.820186
P0219,Old Madampe Town,2029,0.575925,7.482629,79.820186
P0219,Old Madampe Town,2030,0.580351,7.482629,79.820186
P0220,Thoduwawa,2026,0.811734,7.482335,79.812428
P0220,Thoduwawa,2027,0.808289,7.482335,79.812428
P0220,Thoduwawa,2028,0.824482,7.482335,79.812428
P0220,Thoduwawa,2029,0.810998,7.482335,79.812428
P0220,Thoduwawa,2030,0.821003,7.482335,79.812428
P0221,Thoduwawa,2026,0.556165,7.482445,79.816888
P0221,Thoduwawa,2027,0.571287,7.482445,79.816888
P0221,Thoduwawa,2028,0.572846,7.482445,79.816888
P0221,Thoduwawa,2029,0.571282,7.482445,79.816888
P0221,Thoduwawa,2030,0.572571,7.482445,79.816888
P0222,Thoduwawa,2026,0.568249,7.482334,79.810888
P0222,Thoduwawa,2027,0.546638,7.482334,79.810888
P0222,Thoduwawa,2028,0.592313,7.482334,79.810888
P0222,Thoduwawa,2029,0.588666,7.482334,79.810888
P0222,Thoduwawa,2030,0.589453,7.482334,79.810888
P0223,Old Madampe Town,2026,0.562618,7.482334,79.817889
P0223,Old Madampe Town,2027,0.541756,7.482334,79.817889
P0223,Old Madampe Town,2028,0.55844,7.482334,79.817889
P0223,Old Madampe Town,2029,0.559597,7.482334,79.817889
P0223,Old Madampe Town,2030,0.56058,7.482334,79.817889
P0224,Thoduwawa,2026,0.395262,7.482112,79.811666
P0224,Thoduwawa,2027,0.385116,7.482112,79.811666
P0224,Thoduwawa,2028,0.40194,7.482112,79.811666
P0224,Thoduwawa,2029,0.381663,7.482112,79.811666
P0224,Thoduwawa,2030,0.380307,7.482112,79.811666
P0225,Old Madampe Town,2026,0.557581,7.482113,79.817222
P0225,Old Madampe Town,2027,0.571828,7.482113,79.817222
P0225,Old Madampe Town,2028,0.568968,7.482113,79.817222
P0225,Old Madampe Town,2029,0.572947,7.482113,79.817222
P0225,Old Madampe Town,2030,0.579731,7.482113,79.817222
P0226,Old Madampe Town,2026,0.565789,7.481444,79.817222
P0226,Old Madampe Town,2027,0.573966,7.481444,79.817222
P0226,Old Madampe Town,2028,0.547389,7.481444,79.817222
P0226,Old Madampe Town,2029,0.547943,7.481444,79.817222
P0226,Old Madampe Town,2030,0.551609,7.481444,79.817222
P0227,Thoduwawa,2026,0.598054,7.480777,79.812389
P0227,Thoduwawa,2027,0.631058,7.480777,79.812389
P0227,Thoduwawa,2028,0.651626,7.480777,79.812389
P0227,Thoduwawa,2029,0.651347,7.480777,79.812389
P0227,Thoduwawa,2030,0.653203,7.480777,79.812389
P0228,Thoduwawa,2026,0.574323,7.480998,79.816112
P0228,Thoduwawa,2027,0.581604,7.480998,79.816112
P0228,Thoduwawa,2028,0.584606,7.480998,79.816112
P0228,Thoduwawa,2029,0.582491,7.480998,79.816112
P0228,Thoduwawa,2030,0.580665,7.480998,79.816112
P0229,Thoduwawa,2026,0.591405,7.480666,79.815889
P0229,Thoduwawa,2027,0.594596,7.480666,79.815889
P0229,Thoduwawa,2028,0.598163,7.480666,79.815889
P0229,Thoduwawa,2029,0.61564,7.480666,79.815889
P0229,Thoduwawa,2030,0.610089,7.480666,79.815889
P0230,Old Madampe Town,2026,0.586203,7.480715,79.817935
P0230,Old Madampe Town,2027,0.611097,7.480715,79.817935
P0230,Old Madampe Town,2028,0.616491,7.480715,79.817935
P0230,Old Madampe Town,2029,0.614174,7.480715,79.817935
P0230,Old Madampe Town,2030,0.611976,7.480715,79.817935
P0231,Thoduwawa,2026,0.509542,7.481889,79.814172
P0231,Thoduwawa,2027,0.512148,7.481889,79.814172
P0231,Thoduwawa,2028,0.506927,7.481889,79.814172
P0231,Thoduwawa,2029,0.523906,7.481889,79.814172
P0231,Thoduwawa,2030,0.545535,7.481889,79.814172
P0232,Old Madampe Town,2026,0.66368,7.479665,79.818
P0232,Old Madampe Town,2027,0.690154,7.479665,79.818
P0232,Old Madampe Town,2028,0.698818,7.479665,79.818
P0232,Old Madampe Town,2029,0.693826,7.479665,79.818
P0232,Old Madampe Town,2030,0.697246,7.479665,79.818
P0233,Thoduwawa,2026,0.582535,7.479679,79.816391
P0233,Thoduwawa,2027,0.594562,7.479679,79.816391
P0233,Thoduwawa,2028,0.605128,7.479679,79.816391
P0233,Thoduwawa,2029,0.614513,7.479679,79.816391
P0233,Thoduwawa,2030,0.6248,7.479679,79.816391
P0234,Thoduwawa,2026,0.604084,7.479568,79.813187
P0234,Thoduwawa,2027,0.66029,7.479568,79.813187
P0234,Thoduwawa,2028,0.655081,7.479568,79.813187
P0234,Thoduwawa,2029,0.660582,7.479568,79.813187
P0234,Thoduwawa,2030,0.663384,7.479568,79.813187
P0235,Old Madampe Town,2026,0.684267,7.479,79.818555
P0235,Old Madampe Town,2027,0.659621,7.479,79.818555
P0235,Old Madampe Town,2028,0.656306,7.479,79.818555
P0235,Old Madampe Town,2029,0.684767,7.479,79.818555
P0235,Old Madampe Town,2030,0.690579,7.479,79.818555
P0236,Thoduwawa,2026,0.392039,7.478332,79.812335
P0236,Thoduwawa,2027,0.421468,7.478332,79.812335
P0236,Thoduwawa,2028,0.46045,7.478332,79.812335
P0236,Thoduwawa,2029,0.468614,7.478332,79.812335
P0236,Thoduwawa,2030,0.474944,7.478332,79.812335
P0237,Old Madampe Town,2026,0.651406,7.478222,79.818445
P0237,Old Madampe Town,2027,0.66983,7.478222,79.818445
P0237,Old Madampe Town,2028,0.686565,7.478222,79.818445
P0237,Old Madampe Town,2029,0.693172,7.478222,79.818445
P0237,Old Madampe Town,2030,0.696727,7.478222,79.818445
P0238,Old Madampe Town,2026,0.623361,7.478309,79.817765
P0238,Old Madampe Town,2027,0.640039,7.478309,79.817765
P0238,Old Madampe Town,2028,0.627737,7.478309,79.817765
P0238,Old Madampe Town,2029,0.667217,7.478309,79.817765
P0238,Old Madampe Town,2030,0.685879,7.478309,79.817765
P0239,Mahawewa,2026,0.509116,7.477201,79.817746
P0239,Mahawewa,2027,0.579103,7.477201,79.817746
P0239,Mahawewa,2028,0.557466,7.477201,79.817746
P0239,Mahawewa,2029,0.574644,7.477201,79.817746
P0239,Mahawewa,2030,0.585296,7.477201,79.817746
P0240,Mahawewa,2026,0.553877,7.476111,79.818778
P0240,Mahawewa,2027,0.559148,7.476111,79.818778
P0240,Mahawewa,2028,0.612465,7.476111,79.818778
P0240,Mahawewa,2029,0.619523,7.476111,79.818778
P0240,Mahawewa,2030,0.61554,7.476111,79.818778
P0241,Mahawewa,2026,0.52568,7.476148,79.817814
P0241,Mahawewa,2027,0.563722,7.476148,79.817814
P0241,Mahawewa,2028,0.575212,7.476148,79.817814
P0241,Mahawewa,2029,0.564931,7.476148,79.817814
P0241,Mahawewa,2030,0.585185,7.476148,79.817814
P0242,Thoduwawa,2026,0.365034,7.475444,79.810556
P0242,Thoduwawa,2027,0.433852,7.475444,79.810556
P0242,Thoduwawa,2028,0.394032,7.475444,79.810556
P0242,Thoduwawa,2029,0.395026,7.475444,79.810556
P0242,Thoduwawa,2030,0.398241,7.475444,79.810556
P0243,Thoduwawa,2026,0.518229,7.47616,79.814811
P0243,Thoduwawa,2027,0.539136,7.47616,79.814811
P0243,Thoduwawa,2028,0.561585,7.47616,79.814811
P0243,Thoduwawa,2029,0.564974,7.47616,79.814811
P0243,Thoduwawa,2030,0.563206,7.47616,79.814811
P0244,Thoduwawa,2026,0.477375,7.475395,79.816185
P0244,Thoduwawa,2027,0.518553,7.475395,79.816185
P0244,Thoduwawa,2028,0.524792,7.475395,79.816185
P0244,Thoduwawa,2029,0.524421,7.475395,79.816185
P0244,Thoduwawa,2030,0.525858,7.475395,79.816185
P0245,Thoduwawa,2026,0.503552,7.475001,79.814
P0245,Thoduwawa,2027,0.511891,7.475001,79.814
P0245,Thoduwawa,2028,0.503934,7.475001,79.814
P0245,Thoduwawa,2029,0.502541,7.475001,79.814
P0245,Thoduwawa,2030,0.493698,7.475001,79.814
P0246,Thoduwawa,2026,0.250617,7.473046,79.8106
P0246,Thoduwawa,2027,0.320317,7.473046,79.8106
P0246,Thoduwawa,2028,0.292447,7.473046,79.8106
P0246,Thoduwawa,2029,0.29095,7.473046,79.8106
P0246,Thoduwawa,2030,0.296015,7.473046,79.8106
P0247,Mahawewa,2026,0.643825,7.47358,79.817026
P0247,Mahawewa,2027,0.575278,7.47358,79.817026
P0247,Mahawewa,2028,0.621834,7.47358,79.817026
P0247,Mahawewa,2029,0.624404,7.47358,79.817026
P0247,Mahawewa,2030,0.628075,7.47358,79.817026
P0248,Thoduwawa,2026,0.321401,7.471944,79.810917
P0248,Thoduwawa,2027,0.345735,7.471944,79.810917
P0248,Thoduwawa,2028,0.320944,7.471944,79.810917
P0248,Thoduwawa,2029,0.321758,7.471944,79.810917
P0248,Thoduwawa,2030,0.321074,7.471944,79.810917
P0249,Thoduwawa,2026,0.69825,7.472223,79.812999
P0249,Thoduwawa,2027,0.740969,7.472223,79.812999
P0249,Thoduwawa,2028,0.786527,7.472223,79.812999
P0249,Thoduwawa,2029,0.78738,7.472223,79.812999
P0249,Thoduwawa,2030,0.782248,7.472223,79.812999
P0250,Thoduwawa,2026,0.722002,7.471667,79.814332
P0250,Thoduwawa,2027,0.780718,7.471667,79.814332
P0250,Thoduwawa,2028,0.787254,7.471667,79.814332
P0250,Thoduwawa,2029,0.778228,7.471667,79.814332
P0250,Thoduwawa,2030,0.785114,7.471667,79.814332
P0251,Thoduwawa,2026,0.528612,7.471716,79.811936
P0251,Thoduwawa,2027,0.590507,7.471716,79.811936
P0251,Thoduwawa,2028,0.602323,7.471716,79.811936
P0251,Thoduwawa,2029,0.621748,7.471716,79.811936
P0251,Thoduwawa,2030,0.616255,7.471716,79.811936
P0252,Thoduwawa,2026,0.687903,7.470245,79.815562
P0252,Thoduwawa,2027,0.775107,7.470245,79.815562
P0252,Thoduwawa,2028,0.784433,7.470245,79.815562
P0252,Thoduwawa,2029,0.789741,7.470245,79.815562
P0252,Thoduwawa,2030,0.820506,7.470245,79.815562
P0253,Thoduwawa,2026,0.508429,7.484525,79.810705
P0253,Thoduwawa,2027,0.512274,7.484525,79.810705
P0253,Thoduwawa,2028,0.531501,7.484525,79.810705
P0253,Thoduwawa,2029,0.543925,7.484525,79.810705
P0253,Thoduwawa,2030,0.531702,7.484525,79.810705
P0254,Kudamaduwella,2026,0.836037,7.467445,79.810964
P0254,Kudamaduwella,2027,0.843728,7.467445,79.810964
P0254,Kudamaduwella,2028,0.845252,7.467445,79.810964
P0254,Kudamaduwella,2029,0.845274,7.467445,79.810964
P0254,Kudamaduwella,2030,0.845274,7.467445,79.810964
P0255,Kudamaduwella,2026,0.59256,7.467311,79.812067
P0255,Kudamaduwella,2027,0.649152,7.467311,79.812067
P0255,Kudamaduwella,2028,0.65948,7.467311,79.812067
P0255,Kudamaduwella,2029,0.672394,7.467311,79.812067
P0255,Kudamaduwella,2030,0.672343,7.467311,79.812067
P0256,Kudamaduwella,2026,0.814944,7.463805,79.808639
P0256,Kudamaduwella,2027,0.812969,7.463805,79.808639
P0256,Kudamaduwella,2028,0.831811,7.463805,79.808639
P0256,Kudamaduwella,2029,0.833107,7.463805,79.808639
P0256,Kudamaduwella,2030,0.833408,7.463805,79.808639
P0257,Mahawewa,2026,0.641609,7.453334,79.815002
P0257,Mahawewa,2027,0.722632,7.453334,79.815002
P0257,Mahawewa,2028,0.704916,7.453334,79.815002
P0257,Mahawewa,2029,0.706264,7.453334,79.815002
P0257,Mahawewa,2030,0.718132,7.453334,79.815002
P0258,Mahawewa,2026,0.699939,7.452999,79.815222
P0258,Mahawewa,2027,0.727814,7.452999,79.815222
P0258,Mahawewa,2028,0.720883,7.452999,79.815222
P0258,Mahawewa,2029,0.728547,7.452999,79.815222
P0258,Mahawewa,2030,0.725565,7.452999,79.815222
P0259,Koswadiya,2026,0.824209,7.435,79.818
P0259,Koswadiya,2027,0.817529,7.435,79.818
P0259,Koswadiya,2028,0.831509,7.435,79.818
P0259,Koswadiya,2029,0.821359,7.435,79.818
P0259,Koswadiya,2030,0.829221,7.435,79.818
P0260,Koswadiya,2026,0.731992,7.450076,79.812785
P0260,Koswadiya,2027,0.716936,7.450076,79.812785
P0260,Koswadiya,2028,0.759359,7.450076,79.812785
P0260,Koswadiya,2029,0.773878,7.450076,79.812785
P0260,Koswadiya,2030,0.772187,7.450076,79.812785
P0261,Koswadiya,2026,0.525576,7.431781,79.81285
P0261,Koswadiya,2027,0.509257,7.431781,79.81285
P0261,Koswadiya,2028,0.460296,7.431781,79.81285
P0261,Koswadiya,2029,0.478761,7.431781,79.81285
P0261,Koswadiya,2030,0.497315,7.431781,79.81285
P0262,Koswadiya,2026,0.535648,7.430818,79.814394
P0262,Koswadiya,2027,0.510419,7.430818,79.814394
P0262,Koswadiya,2028,0.515064,7.430818,79.814394
P0262,Koswadiya,2029,0.528189,7.430818,79.814394
P0262,Koswadiya,2030,0.542706,7.430818,79.814394
P0263,Koswadiya,2026,0.725896,7.429665,79.816556
P0263,Koswadiya,2027,0.727469,7.429665,79.816556
P0263,Koswadiya,2028,0.746841,7.429665,79.816556
P0263,Koswadiya,2029,0.747886,7.429665,79.816556
P0263,Koswadiya,2030,0.773455,7.429665,79.816556
P0264,Koswadiya,2026,0.689183,7.428772,79.814733
P0264,Koswadiya,2027,0.672608,7.428772,79.814733
P0264,Koswadiya,2028,0.672069,7.428772,79.814733
P0264,Koswadiya,2029,0.69013,7.428772,79.814733
P0264,Koswadiya,2030,0.693327,7.428772,79.814733
P0265,Koswadiya,2026,0.717447,7.423666,79.815777
P0265,Koswadiya,2027,0.767205,7.423666,79.815777
P0265,Koswadiya,2028,0.739628,7.423666,79.815777
P0265,Koswadiya,2029,0.749546,7.423666,79.815777
P0265,Koswadiya,2030,0.74476,7.423666,79.815777
P0266,Baththalangunduwa,2026,0.328268,8.497169,79.781321
P0266,Baththalangunduwa,2027,0.310176,8.497169,79.781321
P0266,Baththalangunduwa,2028,0.30245,8.497169,79.781321
P0266,Baththalangunduwa,2029,0.298605,8.497169,79.781321
P0266,Baththalangunduwa,2030,0.298087,8.497169,79.781321
P0267,Baththalangunduwa,2026,-0.101647,8.490681,79.781181
P0267,Baththalangunduwa,2027,-0.072573,8.490681,79.781181
P0267,Baththalangunduwa,2028,-0.034548,8.490681,79.781181
P0267,Baththalangunduwa,2029,-0.042849,8.490681,79.781181
P0267,Baththalangunduwa,2030,-0.06718,8.490681,79.781181
P0268,Baththalangunduwa,2026,-0.172867,8.487659,79.782135
P0268,Baththalangunduwa,2027,-0.096974,8.487659,79.782135
P0268,Baththalangunduwa,2028,-0.030193,8.487659,79.782135
P0268,Baththalangunduwa,2029,-0.0447,8.487659,79.782135
P0268,Baththalangunduwa,2030,-0.037801,8.487659,79.782135
P0269,Mukkalai,2026,0.002018,8.486139,79.782696
P0269,Mukkalai,2027,0.021868,8.486139,79.782696
P0269,Mukkalai,2028,0.041771,8.486139,79.782696
P0269,Mukkalai,2029,0.031451,8.486139,79.782696
P0269,Mukkalai,2030,0.016737,8.486139,79.782696
P0270,Vellal,2026,0.111712,8.468066,79.789756
P0270,Vellal,2027,0.165513,8.468066,79.789756
P0270,Vellal,2028,0.256411,8.468066,79.789756
P0270,Vellal,2029,0.259661,8.468066,79.789756
P0270,Vellal,2030,0.26082,8.468066,79.789756
P0271,Vellal,2026,0.437286,8.468838,79.790365
P0271,Vellal,2027,0.40279,8.468838,79.790365
P0271,Vellal,2028,0.461517,8.468838,79.790365
P0271,Vellal,2029,0.459246,8.468838,79.790365
P0271,Vellal,2030,0.454999,8.468838,79.790365
P0272,Vellal,2026,-0.082265,8.466712,79.790322
P0272,Vellal,2027,-0.001109,8.466712,79.790322
P0272,Vellal,2028,0.000589,8.466712,79.790322
P0272,Vellal,2029,-0.024174,8.466712,79.790322
P0272,Vellal,2030,-0.016058,8.466712,79.790322
P0273,Rodhapadu,2026,0.551101,8.348777,79.77709
P0273,Rodhapadu,2027,0.569077,8.348777,79.77709
P0273,Rodhapadu,2028,0.614448,8.348777,79.77709
P0273,Rodhapadu,2029,0.62982,8.348777,79.77709
P0273,Rodhapadu,2030,0.639737,8.348777,79.77709
P0274,Rodhapadu,2026,0.510703,8.345152,79.776388
P0274,Rodhapadu,2027,0.496827,8.345152,79.776388
P0274,Rodhapadu,2028,0.539043,8.345152,79.776388
P0274,Rodhapadu,2029,0.540539,8.345152,79.776388
P0274,Rodhapadu,2030,0.543408,8.345152,79.776388
P0275,,2026,0.537906,8.338562,79.802845
P0275,,2027,0.557269,8.338562,79.802845
P0275,,2028,0.604167,8.338562,79.802845
P0275,,2029,0.620243,8.338562,79.802845
P0275,,2030,0.626042,8.338562,79.802845
P0276,,2026,0.663502,8.337221,79.841333
P0276,,2027,0.664392,8.337221,79.841333
P0276,,2028,0.65595,8.337221,79.841333
P0276,,2029,0.660481,8.337221,79.841333
P0276,,2030,0.662893,8.337221,79.841333
P0277,,2026,0.619463,8.337324,79.803323
P0277,,2027,0.626142,8.337324,79.803323
P0277,,2028,0.602225,8.337324,79.803323
P0277,,2029,0.619663,8.337324,79.803323
P0277,,2030,0.657608,8.337324,79.803323
P0278,,2026,0.508854,8.337536,79.80459
P0278,,2027,0.516321,8.337536,79.80459
P0278,,2028,0.514022,8.337536,79.80459
P0278,,2029,0.517533,8.337536,79.80459
P0278,,2030,0.505224,8.337536,79.80459
P0279,,2026,0.601791,8.336335,79.804222
P0279,,2027,0.573687,8.336335,79.804222
P0279,,2028,0.603852,8.336335,79.804222
P0279,,2029,0.612283,8.336335,79.804222
P0279,,2030,0.612251,8.336335,79.804222
P0280,,2026,0.654114,8.335444,79.844001
P0280,,2027,0.660186,8.335444,79.844001
P0280,,2028,0.661094,8.335444,79.844001
P0280,,2029,0.66835,8.335444,79.844001
P0280,,2030,0.674138,8.335444,79.844001
P0281,,2026,0.414526,8.335132,79.804602
P0281,,2027,0.402131,8.335132,79.804602
P0281,,2028,0.329257,8.335132,79.804602
P0281,,2029,0.358253,8.335132,79.804602
P0281,,2030,0.378311,8.335132,79.804602
P0282,,2026,0.397702,8.330852,79.770197
P0282,,2027,0.41589,8.330852,79.770197
P0282,,2028,0.432278,8.330852,79.770197
P0282,,2029,0.441428,8.330852,79.770197
P0282,,2030,0.465799,8.330852,79.770197
P0283,,2026,0.395915,8.329914,79.771099
P0283,,2027,0.433146,8.329914,79.771099
P0283,,2028,0.417505,8.329914,79.771099
P0283,,2029,0.419646,8.329914,79.771099
P0283,,2030,0.42538,8.329914,79.771099
P0284,,2026,0.46296,8.330037,79.770076
P0284,,2027,0.493029,8.330037,79.770076
P0284,,2028,0.488211,8.330037,79.770076
P0284,,2029,0.489371,8.330037,79.770076
P0284,,2030,0.492865,8.330037,79.770076
P0285,,2026,0.676604,8.331601,79.805893
P0285,,2027,0.642053,8.331601,79.805893
P0285,,2028,0.676886,8.331601,79.805893
P0285,,2029,0.677605,8.331601,79.805893
P0285,,2030,0.676465,8.331601,79.805893
P0286,,2026,0.431211,8.328111,79.84189
P0286,,2027,0.393807,8.328111,79.84189
P0286,,2028,0.43104,8.328111,79.84189
P0286,,2029,0.431807,8.328111,79.84189
P0286,,2030,0.445494,8.328111,79.84189
P0287,,2026,0.415634,8.327682,79.808354
P0287,,2027,0.431667,8.327682,79.808354
P0287,,2028,0.426909,8.327682,79.808354
P0287,,2029,0.42552,8.327682,79.808354
P0287,,2030,0.424812,8.327682,79.808354
P0288,,2026,0.389256,8.32709,79.843089
P0288,,2027,0.366918,8.32709,79.843089
P0288,,2028,0.365346,8.32709,79.843089
P0288,,2029,0.365271,8.32709,79.843089
P0288,,2030,0.367753,8.32709,79.843089
P0289,,2026,0.450586,8.327001,79.844779
P0289,,2027,0.407781,8.327001,79.844779
P0289,,2028,0.423269,8.327001,79.844779
P0289,,2029,0.424864,8.327001,79.844779
P0289,,2030,0.428095,8.327001,79.844779
P0290,,2026,0.389717,8.326925,79.844309
P0290,,2027,0.385545,8.326925,79.844309
P0290,,2028,0.379807,8.326925,79.844309
P0290,,2029,0.379463,8.326925,79.844309
P0290,,2030,0.379361,8.326925,79.844309
P0291,,2026,0.282224,8.32627,79.766873
P0291,,2027,0.276769,8.32627,79.766873
P0291,,2028,0.275392,8.32627,79.766873
P0291,,2029,0.279413,8.32627,79.766873
P0291,,2030,0.275118,8.32627,79.766873
P0292,,2026,0.553384,8.324396,79.856366
P0292,,2027,0.558896,8.324396,79.856366
P0292,,2028,0.578084,8.324396,79.856366
P0292,,2029,0.583507,8.324396,79.856366
P0292,,2030,0.591746,8.324396,79.856366
P0293,,2026,0.47572,8.323935,79.855156
P0293,,2027,0.491953,8.323935,79.855156
P0293,,2028,0.490542,8.323935,79.855156
P0293,,2029,0.488947,8.323935,79.855156
P0293,,2030,0.488158,8.323935,79.855156
P0294,,2026,0.71666,8.321311,79.854732
P0294,,2027,0.731118,8.321311,79.854732
P0294,,2028,0.732396,8.321311,79.854732
P0294,,2029,0.740298,8.321311,79.854732
P0294,,2030,0.772587,8.321311,79.854732
P0295,,2026,0.703107,8.319889,79.848556
P0295,,2027,0.673134,8.319889,79.848556
P0295,,2028,0.700787,8.319889,79.848556
P0295,,2029,0.699072,8.319889,79.848556
P0295,,2030,0.700942,8.319889,79.848556
P0296,,2026,0.625183,8.321325,79.808933
P0296,,2027,0.588125,8.321325,79.808933
P0296,,2028,0.645605,8.321325,79.808933
P0296,,2029,0.649615,8.321325,79.808933
P0296,,2030,0.656949,8.321325,79.808933
P0297,Karamuna,2026,0.170398,8.316986,79.765376
P0297,Karamuna,2027,0.145701,8.316986,79.765376
P0297,Karamuna,2028,0.168273,8.316986,79.765376
P0297,Karamuna,2029,0.161222,8.316986,79.765376
P0297,Karamuna,2030,0.157402,8.316986,79.765376
P0298,Karamuna,2026,0.529948,8.316723,79.765054
P0298,Karamuna,2027,0.521549,8.316723,79.765054
P0298,Karamuna,2028,0.54741,8.316723,79.765054
P0298,Karamuna,2029,0.547659,8.316723,79.765054
P0298,Karamuna,2030,0.556768,8.316723,79.765054
P0299,,2026,0.43074,8.317135,79.84678
P0299,,2027,0.412229,8.317135,79.84678
P0299,,2028,0.379863,8.317135,79.84678
P0299,,2029,0.380341,8.317135,79.84678
P0299,,2030,0.378766,8.317135,79.84678
P0300,Karamuna,2026,0.471866,8.315544,79.763912
P0300,Karamuna,2027,0.492836,8.315544,79.763912
P0300,Karamuna,2028,0.490986,8.315544,79.763912
P0300,Karamuna,2029,0.494205,8.315544,79.763912
P0300,Karamuna,2030,0.493814,8.315544,79.763912
P0301,Gangewadiya,2026,0.289443,8.307889,79.840222
P0301,Gangewadiya,2027,0.277591,8.307889,79.840222
P0301,Gangewadiya,2028,0.284405,8.307889,79.840222
P0301,Gangewadiya,2029,0.284465,8.307889,79.840222
P0301,Gangewadiya,2030,0.279866,8.307889,79.840222
P0302,Gangewadiya,2026,0.407111,8.307666,79.841
P0302,Gangewadiya,2027,0.358352,8.307666,79.841
P0302,Gangewadiya,2028,0.360266,8.307666,79.841
P0302,Gangewadiya,2029,0.357498,8.307666,79.841
P0302,Gangewadiya,2030,0.355643,8.307666,79.841
P0303,,2026,0.280552,8.305222,79.796445
P0303,,2027,0.283967,8.305222,79.796445
P0303,,2028,0.412903,8.305222,79.796445
P0303,,2029,0.424834,8.305222,79.796445
P0303,,2030,0.422862,8.305222,79.796445
P0304,Gangewadiya,2026,0.415524,8.304222,79.841778
P0304,Gangewadiya,2027,0.438854,8.304222,79.841778
P0304,Gangewadiya,2028,0.395905,8.304222,79.841778
P0304,Gangewadiya,2029,0.396155,8.304222,79.841778
P0304,Gangewadiya,2030,0.396034,8.304222,79.841778
P0305,,2026,0.546178,8.30427,79.799828
P0305,,2027,0.578624,8.30427,79.799828
P0305,,2028,0.616415,8.30427,79.799828
P0305,,2029,0.616035,8.30427,79.799828
P0305,,2030,0.615021,8.30427,79.799828
P0306,,2026,0.054072,8.303263,79.800819
P0306,,2027,-0.023153,8.303263,79.800819
P0306,,2028,-0.0321,8.303263,79.800819
P0306,,2029,-0.03195,8.303263,79.800819
P0306,,2030,-0.029241,8.303263,79.800819
P0307,Dutch Bay,2026,0.516835,8.302556,79.766112
P0307,Dutch Bay,2027,0.509356,8.302556,79.766112
P0307,Dutch Bay,2028,0.546871,8.302556,79.766112
P0307,Dutch Bay,2029,0.549761,8.302556,79.766112
P0307,Dutch Bay,2030,0.557608,8.302556,79.766112
P0308,Gangewadiya,2026,0.74106,8.302693,79.834798
P0308,Gangewadiya,2027,0.733136,8.302693,79.834798
P0308,Gangewadiya,2028,0.749983,8.302693,79.834798
P0308,Gangewadiya,2029,0.750387,8.302693,79.834798
P0308,Gangewadiya,2030,0.751305,8.302693,79.834798
P0309,Gangewadiya,2026,0.501076,8.301667,79.843999
P0309,Gangewadiya,2027,0.453453,8.301667,79.843999
P0309,Gangewadiya,2028,0.510008,8.301667,79.843999
P0309,Gangewadiya,2029,0.514404,8.301667,79.843999
P0309,Gangewadiya,2030,0.520414,8.301667,79.843999
P0310,,2026,0.276591,8.30143,79.796985
P0310,,2027,0.277539,8.30143,79.796985
P0310,,2028,0.439876,8.30143,79.796985
P0310,,2029,0.435954,8.30143,79.796985
P0310,,2030,0.432314,8.30143,79.796985
P0311,,2026,0.251261,8.301001,79.796556
P0311,,2027,0.229323,8.301001,79.796556
P0311,,2028,0.245416,8.301001,79.796556
P0311,,2029,0.248169,8.301001,79.796556
P0311,,2030,0.255255,8.301001,79.796556
P0312,Gangewadiya,2026,0.618154,8.300703,79.844926
P0312,Gangewadiya,2027,0.622131,8.300703,79.844926
P0312,Gangewadiya,2028,0.632015,8.300703,79.844926
P0312,Gangewadiya,2029,0.640774,8.300703,79.844926
P0312,Gangewadiya,2030,0.643356,8.300703,79.844926
P0313,,2026,0.705392,8.300573,79.797342
P0313,,2027,0.674958,8.300573,79.797342
P0313,,2028,0.729606,8.300573,79.797342
P0313,,2029,0.738771,8.300573,79.797342
P0313,,2030,0.74671,8.300573,79.797342
P0314,Karamuna,2026,0.398298,8.300113,79.759223
P0314,Karamuna,2027,0.365711,8.300113,79.759223
P0314,Karamuna,2028,0.336947,8.300113,79.759223
P0314,Karamuna,2029,0.331427,8.300113,79.759223
P0314,Karamuna,2030,0.334663,8.300113,79.759223
P0315,Gangewadiya,2026,0.399299,8.299444,79.83771
P0315,Gangewadiya,2027,0.348722,8.299444,79.83771
P0315,Gangewadiya,2028,0.373709,8.299444,79.83771
P0315,Gangewadiya,2029,0.373994,8.299444,79.83771
P0315,Gangewadiya,2030,0.37978,8.299444,79.83771
P0317,,2026,0.678211,8.300844,79.795631
P0317,,2027,0.643346,8.300844,79.795631
P0317,,2028,0.673326,8.300844,79.795631
P0317,,2029,0.674476,8.300844,79.795631
P0317,,2030,0.695934,8.300844,79.795631
P0318,Kirimundal,2026,0.625163,8.298333,79.757943
P0318,Kirimundal,2027,0.609512,8.298333,79.757943
P0318,Kirimundal,2028,0.624217,8.298333,79.757943
P0318,Kirimundal,2029,0.628248,8.298333,79.757943
P0318,Kirimundal,2030,0.573662,8.298333,79.757943
P0319,Kirimundal,2026,0.584597,8.297371,79.757296
P0319,Kirimundal,2027,0.529698,8.297371,79.757296
P0319,Kirimundal,2028,0.570475,8.297371,79.757296
P0319,Kirimundal,2029,0.584076,8.297371,79.757296
P0319,Kirimundal,2030,0.587217,8.297371,79.757296
P0320,Gangewadiya,2026,0.757893,8.298618,79.836168
P0320,Gangewadiya,2027,0.737903,8.298618,79.836168
P0320,Gangewadiya,2028,0.771255,8.298618,79.836168
P0320,Gangewadiya,2029,0.781851,8.298618,79.836168
P0320,Gangewadiya,2030,0.787105,8.298618,79.836168
P0321,Dutch Bay,2026,0.589554,8.299919,79.761824
P0321,Dutch Bay,2027,0.636417,8.299919,79.761824
P0321,Dutch Bay,2028,0.667953,8.299919,79.761824
P0321,Dutch Bay,2029,0.676738,8.299919,79.761824
P0321,Dutch Bay,2030,0.677751,8.299919,79.761824
P0322,Gangewadiya,2026,0.715505,8.296791,79.852338
P0322,Gangewadiya,2027,0.703584,8.296791,79.852338
P0322,Gangewadiya,2028,0.716173,8.296791,79.852338
P0322,Gangewadiya,2029,0.720394,8.296791,79.852338
P0322,Gangewadiya,2030,0.726246,8.296791,79.852338
P0323,Kirimundal,2026,0.307114,8.296941,79.756215
P0323,Kirimundal,2027,0.306366,8.296941,79.756215
P0323,Kirimundal,2028,0.318798,8.296941,79.756215
P0323,Kirimundal,2029,0.315843,8.296941,79.756215
P0323,Kirimundal,2030,0.32254,8.296941,79.756215
P0324,Kirimundal,2026,0.47738,8.295946,79.7565
P0324,Kirimundal,2027,0.450359,8.295946,79.7565
P0324,Kirimundal,2028,0.480923,8.295946,79.7565
P0324,Kirimundal,2029,0.482736,8.295946,79.7565
P0324,Kirimundal,2030,0.489548,8.295946,79.7565
P0325,,2026,0.720272,8.295815,79.798772
P0325,,2027,0.714766,8.295815,79.798772
P0325,,2028,0.728145,8.295815,79.798772
P0325,,2029,0.723046,8.295815,79.798772
P0325,,2030,0.729283,8.295815,79.798772
P0326,Gangewadiya,2026,0.315083,8.293404,79.840318
P0326,Gangewadiya,2027,0.272505,8.293404,79.840318
P0326,Gangewadiya,2028,0.309405,8.293404,79.840318
P0326,Gangewadiya,2029,0.307667,8.293404,79.840318
P0326,Gangewadiya,2030,0.307022,8.293404,79.840318
P0327,Gangewadiya,2026,0.600181,8.292676,79.84104
P0327,Gangewadiya,2027,0.59353,8.292676,79.84104
P0327,Gangewadiya,2028,0.603573,8.292676,79.84104
P0327,Gangewadiya,2029,0.602681,8.292676,79.84104
P0327,Gangewadiya,2030,0.604385,8.292676,79.84104
P0328,Gangewadiya,2026,0.724727,8.293713,79.835303
P0328,Gangewadiya,2027,0.716238,8.293713,79.835303
P0328,Gangewadiya,2028,0.707633,8.293713,79.835303
P0328,Gangewadiya,2029,0.720825,8.293713,79.835303
P0328,Gangewadiya,2030,0.722339,8.293713,79.835303
P0329,Gangewadiya,2026,0.598423,8.291399,79.842053
P0329,Gangewadiya,2027,0.584457,8.291399,79.842053
P0329,Gangewadiya,2028,0.604216,8.291399,79.842053
P0329,Gangewadiya,2029,0.602477,8.291399,79.842053
P0329,Gangewadiya,2030,0.605922,8.291399,79.842053
P0330,Kirimundal,2026,0.649245,8.293551,79.7562
P0330,Kirimundal,2027,0.62656,8.293551,79.7562
P0330,Kirimundal,2028,0.618154,8.293551,79.7562
P0330,Kirimundal,2029,0.659688,8.293551,79.7562
P0330,Kirimundal,2030,0.663969,8.293551,79.7562
P0331,,2026,0.68606,8.315877,79.842395
P0331,,2027,0.624785,8.315877,79.842395
P0331,,2028,0.684563,8.315877,79.842395
P0331,,2029,0.697169,8.315877,79.842395
P0331,,2030,0.700494,8.315877,79.842395
P0332,Gangewadiya,2026,0.820372,8.289973,79.850638
P0332,Gangewadiya,2027,0.828849,8.289973,79.850638
P0332,Gangewadiya,2028,0.834158,8.289973,79.850638
P0332,Gangewadiya,2029,0.836276,8.289973,79.850638
P0332,Gangewadiya,2030,0.834549,8.289973,79.850638
P0333,Kirimundal,2026,0.459046,8.288185,79.751741
P0333,Kirimundal,2027,0.41356,8.288185,79.751741
P0333,Kirimundal,2028,0.397856,8.288185,79.751741
P0333,Kirimundal,2029,0.397089,8.288185,79.751741
P0333,Kirimundal,2030,0.396622,8.288185,79.751741
P0334,,2026,0.260434,8.284083,79.792638
P0334,,2027,0.235774,8.284083,79.792638
P0334,,2028,0.221989,8.284083,79.792638
P0334,,2029,0.215451,8.284083,79.792638
P0334,,2030,0.211764,8.284083,79.792638
P0335,,2026,0.532356,8.284217,79.79454
P0335,,2027,0.523978,8.284217,79.79454
P0335,,2028,0.470586,8.284217,79.79454
P0335,,2029,0.468445,8.284217,79.79454
P0335,,2030,0.466538,8.284217,79.79454
P0336,Mutwal,2026,0.553472,8.284366,79.755006
P0336,Mutwal,2027,0.551814,8.284366,79.755006
P0336,Mutwal,2028,0.56214,8.284366,79.755006
P0336,Mutwal,2029,0.585233,8.284366,79.755006
P0336,Mutwal,2030,0.594143,8.284366,79.755006
P0337,Mutwal,2026,0.63484,8.282753,79.752357
P0337,Mutwal,2027,0.626565,8.282753,79.752357
P0337,Mutwal,2028,0.618054,8.282753,79.752357
P0337,Mutwal,2029,0.627173,8.282753,79.752357
P0337,Mutwal,2030,0.62746,8.282753,79.752357
P0338,Mutwal,2026,0.705587,8.286285,79.752008
P0338,Mutwal,2027,0.675282,8.286285,79.752008
P0338,Mutwal,2028,0.714374,8.286285,79.752008
P0338,Mutwal,2029,0.712083,8.286285,79.752008
P0338,Mutwal,2030,0.710792,8.286285,79.752008
P0339,,2026,0.715025,8.282186,79.857964
P0339,,2027,0.674103,8.282186,79.857964
P0339,,2028,0.711054,8.282186,79.857964
P0339,,2029,0.716722,8.282186,79.857964
P0339,,2030,0.723183,8.282186,79.857964
P0340,Gangewadiya,2026,0.6666,8.282111,79.852333
P0340,Gangewadiya,2027,0.658673,8.282111,79.852333
P0340,Gangewadiya,2028,0.666525,8.282111,79.852333
P0340,Gangewadiya,2029,0.663014,8.282111,79.852333
P0340,Gangewadiya,2030,0.677986,8.282111,79.852333
P0341,Mutwal,2026,0.429516,8.281224,79.750777
P0341,Mutwal,2027,0.474916,8.281224,79.750777
P0341,Mutwal,2028,0.423495,8.281224,79.750777
P0341,Mutwal,2029,0.425474,8.281224,79.750777
P0341,Mutwal,2030,0.431607,8.281224,79.750777
P0342,Mutwal,2026,0.619076,8.281594,79.75189
P0342,Mutwal,2027,0.611464,8.281594,79.75189
P0342,Mutwal,2028,0.5722,8.281594,79.75189
P0342,Mutwal,2029,0.586888,8.281594,79.75189
P0342,Mutwal,2030,0.599151,8.281594,79.75189
P0343,Gangewadiya,2026,0.447669,8.28115,79.848925
P0343,Gangewadiya,2027,0.453796,8.28115,79.848925
P0343,Gangewadiya,2028,0.45428,8.28115,79.848925
P0343,Gangewadiya,2029,0.456178,8.28115,79.848925
P0343,Gangewadiya,2030,0.45876,8.28115,79.848925
P0344,Mutwal,2026,0.453,8.28089,79.750554
P0344,Mutwal,2027,0.490593,8.28089,79.750554
P0344,Mutwal,2028,0.446214,8.28089,79.750554
P0344,Mutwal,2029,0.445965,8.28089,79.750554
P0344,Mutwal,2030,0.446578,8.28089,79.750554
P0345,Gangewadiya,2026,0.557896,8.281045,79.853887
P0345,Gangewadiya,2027,0.5683,8.281045,79.853887
P0345,Gangewadiya,2028,0.564331,8.281045,79.853887
P0345,Gangewadiya,2029,0.548154,8.281045,79.853887
P0345,Gangewadiya,2030,0.554618,8.281045,79.853887
P0346,Mutwal,2026,0.637288,8.280811,79.753394
P0346,Mutwal,2027,0.632113,8.280811,79.753394
P0346,Mutwal,2028,0.618929,8.280811,79.753394
P0346,Mutwal,2029,0.630079,8.280811,79.753394
P0346,Mutwal,2030,0.630488,8.280811,79.753394
P0347,Gangewadiya,2026,0.367659,8.280667,79.850112
P0347,Gangewadiya,2027,0.36598,8.280667,79.850112
P0347,Gangewadiya,2028,0.370745,8.280667,79.850112
P0347,Gangewadiya,2029,0.372944,8.280667,79.850112
P0347,Gangewadiya,2030,0.367833,8.280667,79.850112
P0348,Gangewadiya,2026,0.458727,8.280332,79.850333
P0348,Gangewadiya,2027,0.463604,8.280332,79.850333
P0348,Gangewadiya,2028,0.469787,8.280332,79.850333
P0348,Gangewadiya,2029,0.467566,8.280332,79.850333
P0348,Gangewadiya,2030,0.467821,8.280332,79.850333
P0349,,2026,0.762381,8.280383,79.855091
P0349,,2027,0.76569,8.280383,79.855091
P0349,,2028,0.776014,8.280383,79.855091
P0349,,2029,0.791081,8.280383,79.855091
P0349,,2030,0.79102,8.280383,79.855091
P0350,Mutwal,2026,0.530898,8.28124,79.748963
P0350,Mutwal,2027,0.562507,8.28124,79.748963
P0350,Mutwal,2028,0.504856,8.28124,79.748963
P0350,Mutwal,2029,0.513329,8.28124,79.748963
P0350,Mutwal,2030,0.522356,8.28124,79.748963
P0351,Mutwal,2026,0.546011,8.27935,79.751762
P0351,Mutwal,2027,0.543797,8.27935,79.751762
P0351,Mutwal,2028,0.535535,8.27935,79.751762
P0351,Mutwal,2029,0.539052,8.27935,79.751762
P0351,Mutwal,2030,0.54101,8.27935,79.751762
P0352,,2026,0.770781,8.278999,79.853889
P0352,,2027,0.78997,8.278999,79.853889
P0352,,2028,0.812032,8.278999,79.853889
P0352,,2029,0.813136,8.278999,79.853889
P0352,,2030,0.812372,8.278999,79.853889
P0353,Mutwal,2026,0.564646,8.279159,79.750573
P0353,Mutwal,2027,0.568159,8.279159,79.750573
P0353,Mutwal,2028,0.546739,8.279159,79.750573
P0353,Mutwal,2029,0.557291,8.279159,79.750573
P0353,Mutwal,2030,0.565411,8.279159,79.750573
P0354,,2026,0.640601,8.278378,79.853933
P0354,,2027,0.582698,8.278378,79.853933
P0354,,2028,0.619134,8.278378,79.853933
P0354,,2029,0.631636,8.278378,79.853933
P0354,,2030,0.63739,8.278378,79.853933
P0355,Mutwal,2026,0.549238,8.278111,79.75161
P0355,Mutwal,2027,0.561104,8.278111,79.75161
P0355,Mutwal,2028,0.526493,8.278111,79.75161
P0355,Mutwal,2029,0.533007,8.278111,79.75161
P0355,Mutwal,2030,0.54022,8.278111,79.75161
P0356,Pulyankuda,2026,0.609432,8.278197,79.762131
P0356,Pulyankuda,2027,0.610417,8.278197,79.762131
P0356,Pulyankuda,2028,0.609255,8.278197,79.762131
P0356,Pulyankuda,2029,0.613437,8.278197,79.762131
P0356,Pulyankuda,2030,0.626894,8.278197,79.762131
P0357,Gangewadiya,2026,0.653351,8.278598,79.852301
P0357,Gangewadiya,2027,0.640125,8.278598,79.852301
P0357,Gangewadiya,2028,0.644509,8.278598,79.852301
P0357,Gangewadiya,2029,0.645697,8.278598,79.852301
P0357,Gangewadiya,2030,0.646368,8.278598,79.852301
P0358,Mutwal,2026,0.554653,8.278112,79.755887
P0358,Mutwal,2027,0.572742,8.278112,79.755887
P0358,Mutwal,2028,0.590192,8.278112,79.755887
P0358,Mutwal,2029,0.608114,8.278112,79.755887
P0358,Mutwal,2030,0.625523,8.278112,79.755887
P0359,Pulyankuda,2026,0.622543,8.277906,79.763287
P0359,Pulyankuda,2027,0.628153,8.277906,79.763287
P0359,Pulyankuda,2028,0.625091,8.277906,79.763287
P0359,Pulyankuda,2029,0.619328,8.277906,79.763287
P0359,Pulyankuda,2030,0.627836,8.277906,79.763287
P0360,Mutwal,2026,0.495469,8.277889,79.756445
P0360,Mutwal,2027,0.525624,8.277889,79.756445
P0360,Mutwal,2028,0.51975,8.277889,79.756445
P0360,Mutwal,2029,0.527043,8.277889,79.756445
P0360,Mutwal,2030,0.537788,8.277889,79.756445
P0361,Pulyankuda,2026,0.349255,8.277666,79.756888
P0361,Pulyankuda,2027,0.382049,8.277666,79.756888
P0361,Pulyankuda,2028,0.377986,8.277666,79.756888
P0361,Pulyankuda,2029,0.376883,8.277666,79.756888
P0361,Pulyankuda,2030,0.376982,8.277666,79.756888
P0362,Mutwal,2026,0.520819,8.278376,79.749134
P0362,Mutwal,2027,0.522533,8.278376,79.749134
P0362,Mutwal,2028,0.496702,8.278376,79.749134
P0362,Mutwal,2029,0.495578,8.278376,79.749134
P0362,Mutwal,2030,0.501419,8.278376,79.749134
P0363,Mutwal,2026,0.524937,8.27737,79.751038
P0363,Mutwal,2027,0.552015,8.27737,79.751038
P0363,Mutwal,2028,0.511602,8.27737,79.751038
P0363,Mutwal,2029,0.512786,8.27737,79.751038
P0363,Mutwal,2030,0.515571,8.27737,79.751038
P0364,Mutwal,2026,0.496476,8.276911,79.748712
P0364,Mutwal,2027,0.514284,8.276911,79.748712
P0364,Mutwal,2028,0.480564,8.276911,79.748712
P0364,Mutwal,2029,0.480425,8.276911,79.748712
P0364,Mutwal,2030,0.476776,8.276911,79.748712
P0365,Mutwal,2026,0.680696,8.278101,79.753636
P0365,Mutwal,2027,0.673704,8.278101,79.753636
P0365,Mutwal,2028,0.704247,8.278101,79.753636
P0365,Mutwal,2029,0.709481,8.278101,79.753636
P0365,Mutwal,2030,0.710262,8.278101,79.753636
P0366,Mutwal,2026,0.612912,8.27688,79.754839
P0366,Mutwal,2027,0.627502,8.27688,79.754839
P0366,Mutwal,2028,0.629331,8.27688,79.754839
P0366,Mutwal,2029,0.630613,8.27688,79.754839
P0366,Mutwal,2030,0.633289,8.27688,79.754839
P0367,Mutwal,2026,0.749499,8.276332,79.751446
P0367,Mutwal,2027,0.745117,8.276332,79.751446
P0367,Mutwal,2028,0.795303,8.276332,79.751446
P0367,Mutwal,2029,0.799438,8.276332,79.751446
P0367,Mutwal,2030,0.800259,8.276332,79.751446
P0368,Mutwal,2026,0.588929,8.276148,79.753963
P0368,Mutwal,2027,0.589259,8.276148,79.753963
P0368,Mutwal,2028,0.588985,8.276148,79.753963
P0368,Mutwal,2029,0.600495,8.276148,79.753963
P0368,Mutwal,2030,0.616091,8.276148,79.753963
P0369,Mutwal,2026,0.656625,8.275777,79.753111
P0369,Mutwal,2027,0.637237,8.275777,79.753111
P0369,Mutwal,2028,0.673873,8.275777,79.753111
P0369,Mutwal,2029,0.69999,8.275777,79.753111
P0369,Mutwal,2030,0.705653,8.275777,79.753111
P0370,Mutwal,2026,0.558671,8.275222,79.749481
P0370,Mutwal,2027,0.591529,8.275222,79.749481
P0370,Mutwal,2028,0.535515,8.275222,79.749481
P0370,Mutwal,2029,0.535084,8.275222,79.749481
P0370,Mutwal,2030,0.541653,8.275222,79.749481
P0371,Pulyankuda,2026,0.746175,8.276599,79.765182
P0371,Pulyankuda,2027,0.727152,8.276599,79.765182
P0371,Pulyankuda,2028,0.746672,8.276599,79.765182
P0371,Pulyankuda,2029,0.751184,8.276599,79.765182
P0371,Pulyankuda,2030,0.752394,8.276599,79.765182
P0372,,2026,0.636439,8.274679,79.849692
P0372,,2027,0.626553,8.274679,79.849692
P0372,,2028,0.631487,8.274679,79.849692
P0372,,2029,0.640194,8.274679,79.849692
P0372,,2030,0.649371,8.274679,79.849692
P0373,Pulyankuda,2026,0.621025,8.274589,79.754525
P0373,Pulyankuda,2027,0.628134,8.274589,79.754525
P0373,Pulyankuda,2028,0.658578,8.274589,79.754525
P0373,Pulyankuda,2029,0.657862,8.274589,79.754525
P0373,Pulyankuda,2030,0.670169,8.274589,79.754525
P0374,Mutwal,2026,0.599036,8.27466,79.751758
P0374,Mutwal,2027,0.587032,8.27466,79.751758
P0374,Mutwal,2028,0.620688,8.27466,79.751758
P0374,Mutwal,2029,0.619036,8.27466,79.751758
P0374,Mutwal,2030,0.631514,8.27466,79.751758
P0375,,2026,0.768192,8.274112,79.853889
P0375,,2027,0.517949,8.274112,79.853889
P0375,,2028,0.562608,8.274112,79.853889
P0375,,2029,0.562657,8.274112,79.853889
P0375,,2030,0.56161,8.274112,79.853889
P0376,,2026,0.755985,8.27406,79.853518
P0376,,2027,0.522036,8.27406,79.853518
P0376,,2028,0.56237,8.27406,79.853518
P0376,,2029,0.569794,8.27406,79.853518
P0376,,2030,0.568807,8.27406,79.853518
P0377,Pulyankuda,2026,0.692501,8.275639,79.757004
P0377,Pulyankuda,2027,0.674169,8.275639,79.757004
P0377,Pulyankuda,2028,0.714344,8.275639,79.757004
P0377,Pulyankuda,2029,0.715462,8.275639,79.757004
P0377,Pulyankuda,2030,0.716672,8.275639,79.757004
P0378,Mutwal,2026,0.519775,8.273642,79.747497
P0378,Mutwal,2027,0.528384,8.273642,79.747497
P0378,Mutwal,2028,0.511164,8.273642,79.747497
P0378,Mutwal,2029,0.513842,8.273642,79.747497
P0378,Mutwal,2030,0.520156,8.273642,79.747497
P0379,Pulyankuda,2026,0.44163,8.274444,79.773496
P0379,Pulyankuda,2027,0.459021,8.274444,79.773496
P0379,Pulyankuda,2028,0.466182,8.274444,79.773496
P0379,Pulyankuda,2029,0.464555,8.274444,79.773496
P0379,Pulyankuda,2030,0.462657,8.274444,79.773496
P0380,,2026,0.44301,8.272267,79.844954
P0380,,2027,0.472232,8.272267,79.844954
P0380,,2028,0.525294,8.272267,79.844954
P0380,,2029,0.53304,8.272267,79.844954
P0380,,2030,0.54161,8.272267,79.844954
P0381,Mutwal,2026,0.536418,8.272221,79.750113
P0381,Mutwal,2027,0.586199,8.272221,79.750113
P0381,Mutwal,2028,0.497887,8.272221,79.750113
P0381,Mutwal,2029,0.495924,8.272221,79.750113
P0381,Mutwal,2030,0.494848,8.272221,79.750113
P0382,,2026,0.713966,8.272253,79.849264
P0382,,2027,0.714304,8.272253,79.849264
P0382,,2028,0.71236,8.272253,79.849264
P0382,,2029,0.710591,8.272253,79.849264
P0382,,2030,0.709761,8.272253,79.849264
P0383,Mutwal,2026,0.52958,8.271889,79.749
P0383,Mutwal,2027,0.553659,8.271889,79.749
P0383,Mutwal,2028,0.506334,8.271889,79.749
P0383,Mutwal,2029,0.504869,8.271889,79.749
P0383,Mutwal,2030,0.503181,8.271889,79.749
P0384,,2026,0.743697,8.27133,79.850445
P0384,,2027,0.731694,8.27133,79.850445
P0384,,2028,0.739685,8.27133,79.850445
P0384,,2029,0.742486,8.27133,79.850445
P0384,,2030,0.74551,8.27133,79.850445
P0385,Gangewadiya,2026,0.748608,8.280104,79.847577
P0385,Gangewadiya,2027,0.713435,8.280104,79.847577
P0385,Gangewadiya,2028,0.743901,8.280104,79.847577
P0385,Gangewadiya,2029,0.754871,8.280104,79.847577
P0385,Gangewadiya,2030,0.755243,8.280104,79.847577
P0386,Mutwal,2026,0.559571,8.271278,79.748011
P0386,Mutwal,2027,0.59882,8.271278,79.748011
P0386,Mutwal,2028,0.528204,8.271278,79.748011
P0386,Mutwal,2029,0.527057,8.271278,79.748011
P0386,Mutwal,2030,0.529711,8.271278,79.748011
P0387,Pulyankuda,2026,0.676102,8.27152,79.753037
P0387,Pulyankuda,2027,0.657121,8.27152,79.753037
P0387,Pulyankuda,2028,0.657375,8.27152,79.753037
P0387,Pulyankuda,2029,0.667256,8.27152,79.753037
P0387,Pulyankuda,2030,0.674248,8.27152,79.753037
P0388,Mutwal,2026,0.552149,8.272485,79.750677
P0388,Mutwal,2027,0.568787,8.272485,79.750677
P0388,Mutwal,2028,0.534644,8.272485,79.750677
P0388,Mutwal,2029,0.537479,8.272485,79.750677
P0388,Mutwal,2030,0.540669,8.272485,79.750677
P0389,,2026,0.614462,8.270999,79.851472
P0389,,2027,0.471929,8.270999,79.851472
P0389,,2028,0.504451,8.270999,79.851472
P0389,,2029,0.505999,8.270999,79.851472
P0389,,2030,0.488796,8.270999,79.851472
P0390,Mutwal,2026,0.553116,8.270999,79.749
P0390,Mutwal,2027,0.619908,8.270999,79.749
P0390,Mutwal,2028,0.570826,8.270999,79.749
P0390,Mutwal,2029,0.576326,8.270999,79.749
P0390,Mutwal,2030,0.58629,8.270999,79.749
P0391,Mutwal,2026,0.616064,8.270776,79.749221
P0391,Mutwal,2027,0.630696,8.270776,79.749221
P0391,Mutwal,2028,0.612683,8.270776,79.749221
P0391,Mutwal,2029,0.61956,8.270776,79.749221
P0391,Mutwal,2030,0.621024,8.270776,79.749221
P0392,,2026,0.422257,8.270611,79.843834
P0392,,2027,0.456203,8.270611,79.843834
P0392,,2028,0.479421,8.270611,79.843834
P0392,,2029,0.481908,8.270611,79.843834
P0392,,2030,0.486461,8.270611,79.843834
P0393,Pulyankuda,2026,0.566378,8.271981,79.754509
P0393,Pulyankuda,2027,0.547597,8.271981,79.754509
P0393,Pulyankuda,2028,0.560829,8.271981,79.754509
P0393,Pulyankuda,2029,0.566496,8.271981,79.754509
P0393,Pulyankuda,2030,0.566832,8.271981,79.754509
P0394,Mutwal,2026,0.601563,8.270335,79.749778
P0394,Mutwal,2027,0.624948,8.270335,79.749778
P0394,Mutwal,2028,0.607399,8.270335,79.749778
P0394,Mutwal,2029,0.61357,8.270335,79.749778
P0394,Mutwal,2030,0.613335,8.270335,79.749778
P0395,Mutwal,2026,0.579702,8.270741,79.751759
P0395,Mutwal,2027,0.609882,8.270741,79.751759
P0395,Mutwal,2028,0.570816,8.270741,79.751759
P0395,Mutwal,2029,0.57166,8.270741,79.751759
P0395,Mutwal,2030,0.571534,8.270741,79.751759
P0396,,2026,0.680322,8.270335,79.850333
P0396,,2027,0.654616,8.270335,79.850333
P0396,,2028,0.673277,8.270335,79.850333
P0396,,2029,0.688563,8.270335,79.850333
P0396,,2030,0.707931,8.270335,79.850333
P0397,Mutwal,2026,0.637946,8.270112,79.749112
P0397,Mutwal,2027,0.628417,8.270112,79.749112
P0397,Mutwal,2028,0.624034,8.270112,79.749112
P0397,Mutwal,2029,0.626765,8.270112,79.749112
P0397,Mutwal,2030,0.624828,8.270112,79.749112
P0398,,2026,0.334497,8.270112,79.844111
P0398,,2027,0.346024,8.270112,79.844111
P0398,,2028,0.38106,8.270112,79.844111
P0398,,2029,0.379953,8.270112,79.844111
P0398,,2030,0.384705,8.270112,79.844111
P0399,Pulyankuda,2026,0.532511,8.270207,79.753858
P0399,Pulyankuda,2027,0.513514,8.270207,79.753858
P0399,Pulyankuda,2028,0.481702,8.270207,79.753858
P0399,Pulyankuda,2029,0.495378,8.270207,79.753858
P0399,Pulyankuda,2030,0.501306,8.270207,79.753858
P0400,,2026,0.653755,8.269814,79.850481
P0400,,2027,0.655641,8.269814,79.850481
P0400,,2028,0.671114,8.269814,79.850481
P0400,,2029,0.687964,8.269814,79.850481
P0400,,2030,0.697279,8.269814,79.850481
P0401,Mutwal,2026,0.565873,8.269327,79.748927
P0401,Mutwal,2027,0.583978,8.269327,79.748927
P0401,Mutwal,2028,0.53508,8.269327,79.748927
P0401,Mutwal,2029,0.53488,8.269327,79.748927
P0401,Mutwal,2030,0.54629,8.269327,79.748927
P0402,,2026,0.565525,8.269478,79.853563
P0402,,2027,0.537512,8.269478,79.853563
P0402,,2028,0.578558,8.269478,79.853563
P0402,,2029,0.578912,8.269478,79.853563
P0402,,2030,0.588949,8.269478,79.853563
P0403,Pulyankuda,2026,0.467567,8.268333,79.779333
P0403,Pulyankuda,2027,0.475048,8.268333,79.779333
P0403,Pulyankuda,2028,0.492161,8.268333,79.779333
P0403,Pulyankuda,2029,0.502703,8.268333,79.779333
P0403,Pulyankuda,2030,0.509077,8.268333,79.779333
P0404,Pulyankuda,2026,0.672131,8.268699,79.753447
P0404,Pulyankuda,2027,0.663549,8.268699,79.753447
P0404,Pulyankuda,2028,0.673096,8.268699,79.753447
P0404,Pulyankuda,2029,0.675942,8.268699,79.753447
P0404,Pulyankuda,2030,0.67619,8.268699,79.753447
P0405,,2026,0.470759,8.268184,79.848259
P0405,,2027,0.467325,8.268184,79.848259
P0405,,2028,0.49021,8.268184,79.848259
P0405,,2029,0.490868,8.268184,79.848259
P0405,,2030,0.50516,8.268184,79.848259
P0406,,2026,0.660419,8.267889,79.849332
P0406,,2027,0.662716,8.267889,79.849332
P0406,,2028,0.65623,8.267889,79.849332
P0406,,2029,0.663767,8.267889,79.849332
P0406,,2030,0.696188,8.267889,79.849332
P0407,Pulyankuda,2026,0.7163,8.267668,79.752222
P0407,Pulyankuda,2027,0.716654,8.267668,79.752222
P0407,Pulyankuda,2028,0.715114,8.267668,79.752222
P0407,Pulyankuda,2029,0.719233,8.267668,79.752222
P0407,Pulyankuda,2030,0.728672,8.267668,79.752222
P0408,,2026,0.525602,8.267509,79.842715
P0408,,2027,0.52503,8.267509,79.842715
P0408,,2028,0.533755,8.267509,79.842715
P0408,,2029,0.532756,8.267509,79.842715
P0408,,2030,0.532129,8.267509,79.842715
P0409,,2026,0.396546,8.267741,79.843371
P0409,,2027,0.400296,8.267741,79.843371
P0409,,2028,0.378373,8.267741,79.843371
P0409,,2029,0.375605,8.267741,79.843371
P0409,,2030,0.375034,8.267741,79.843371
P0410,,2026,0.395408,8.268934,79.844808
P0410,,2027,0.394063,8.268934,79.844808
P0410,,2028,0.402547,8.268934,79.844808
P0410,,2029,0.40255,8.268934,79.844808
P0410,,2030,0.40037,8.268934,79.844808
P0411,,2026,0.267843,8.266999,79.845667
P0411,,2027,0.347187,8.266999,79.845667
P0411,,2028,0.349359,8.266999,79.845667
P0411,,2029,0.352672,8.266999,79.845667
P0411,,2030,0.356338,8.266999,79.845667
P0412,,2026,0.496382,8.266776,79.846333
P0412,,2027,0.526583,8.266776,79.846333
P0412,,2028,0.498146,8.266776,79.846333
P0412,,2029,0.496321,8.266776,79.846333
P0412,,2030,0.493491,8.266776,79.846333
P0413,Mutwal,2026,0.625411,8.26639,79.747889
P0413,Mutwal,2027,0.641999,8.26639,79.747889
P0413,Mutwal,2028,0.609558,8.26639,79.747889
P0413,Mutwal,2029,0.610738,8.26639,79.747889
P0413,Mutwal,2030,0.611612,8.26639,79.747889
P0414,Pulyankuda,2026,0.558716,8.266377,79.750731
P0414,Pulyankuda,2027,0.568536,8.266377,79.750731
P0414,Pulyankuda,2028,0.556328,8.266377,79.750731
P0414,Pulyankuda,2029,0.555495,8.266377,79.750731
P0414,Pulyankuda,2030,0.558956,8.266377,79.750731
P0415,,2026,0.716579,8.266335,79.846666
P0415,,2027,0.71666,8.266335,79.846666
P0415,,2028,0.716541,8.266335,79.846666
P0415,,2029,0.711873,8.266335,79.846666
P0415,,2030,0.713471,8.266335,79.846666
P0416,,2026,0.652563,8.266422,79.848004
P0416,,2027,0.673491,8.266422,79.848004
P0416,,2028,0.6527,8.266422,79.848004
P0416,,2029,0.66418,8.266422,79.848004
P0416,,2030,0.664734,8.266422,79.848004
P0417,,2026,0.441212,8.26642,79.850444
P0417,,2027,0.49184,8.26642,79.850444
P0417,,2028,0.477199,8.26642,79.850444
P0417,,2029,0.467706,8.26642,79.850444
P0417,,2030,0.465935,8.26642,79.850444
P0418,Mutwal,2026,0.532008,8.266673,79.745906
P0418,Mutwal,2027,0.546525,8.266673,79.745906
P0418,Mutwal,2028,0.508919,8.266673,79.745906
P0418,Mutwal,2029,0.5155,8.266673,79.745906
P0418,Mutwal,2030,0.524109,8.266673,79.745906
P0419,Pulyankuda,2026,0.634604,8.265985,79.749476
P0419,Pulyankuda,2027,0.617336,8.265985,79.749476
P0419,Pulyankuda,2028,0.603945,8.265985,79.749476
P0419,Pulyankuda,2029,0.60753,8.265985,79.749476
P0419,Pulyankuda,2030,0.610937,8.265985,79.749476
P0420,Pulyankuda,2026,0.652395,8.265666,79.750222
P0420,Pulyankuda,2027,0.64645,8.265666,79.750222
P0420,Pulyankuda,2028,0.62562,8.265666,79.750222
P0420,Pulyankuda,2029,0.636394,8.265666,79.750222
P0420,Pulyankuda,2030,0.64218,8.265666,79.750222
P0421,Pulyankuda,2026,0.417047,8.265002,79.759223
P0421,Pulyankuda,2027,0.347203,8.265002,79.759223
P0421,Pulyankuda,2028,0.319631,8.265002,79.759223
P0421,Pulyankuda,2029,0.323968,8.265002,79.759223
P0421,Pulyankuda,2030,0.328433,8.265002,79.759223
P0422,Mutwal,2026,0.475917,8.26494,79.743578
P0422,Mutwal,2027,0.554614,8.26494,79.743578
P0422,Mutwal,2028,0.494185,8.26494,79.743578
P0422,Mutwal,2029,0.494181,8.26494,79.743578
P0422,Mutwal,2030,0.502692,8.26494,79.743578
P0423,Pulyankuda,2026,0.6718,8.264739,79.750204
P0423,Pulyankuda,2027,0.674859,8.264739,79.750204
P0423,Pulyankuda,2028,0.675119,8.264739,79.750204
P0423,Pulyankuda,2029,0.700209,8.264739,79.750204
P0423,Pulyankuda,2030,0.719492,8.264739,79.750204
P0424,Mutwal,2026,0.480965,8.264407,79.747692
P0424,Mutwal,2027,0.545049,8.264407,79.747692
P0424,Mutwal,2028,0.473609,8.264407,79.747692
P0424,Mutwal,2029,0.473534,8.264407,79.747692
P0424,Mutwal,2030,0.476201,8.264407,79.747692
P0425,Pulyankuda,2026,0.638876,8.26411,79.749221
P0425,Pulyankuda,2027,0.609467,8.26411,79.749221
P0425,Pulyankuda,2028,0.609268,8.26411,79.749221
P0425,Pulyankuda,2029,0.609162,8.26411,79.749221
P0425,Pulyankuda,2030,0.609929,8.26411,79.749221
P0426,Pulyankuda,2026,0.468203,8.264286,79.75895
P0426,Pulyankuda,2027,0.469599,8.264286,79.75895
P0426,Pulyankuda,2028,0.375763,8.264286,79.75895
P0426,Pulyankuda,2029,0.36848,8.264286,79.75895
P0426,Pulyankuda,2030,0.373382,8.264286,79.75895
P0427,Kalpitiya,2026,0.379877,8.26441,79.783306
P0427,Kalpitiya,2027,0.455269,8.26441,79.783306
P0427,Kalpitiya,2028,0.462662,8.26441,79.783306
P0427,Kalpitiya,2029,0.46007,8.26441,79.783306
P0427,Kalpitiya,2030,0.459579,8.26441,79.783306
P0428,Pulyankuda,2026,0.470433,8.268753,79.761112
P0428,Pulyankuda,2027,0.383709,8.268753,79.761112
P0428,Pulyankuda,2028,0.41169,8.268753,79.761112
P0428,Pulyankuda,2029,0.412734,8.268753,79.761112
P0428,Pulyankuda,2030,0.413043,8.268753,79.761112
P0429,Pulyankuda,2026,0.725001,8.268356,79.779795
P0429,Pulyankuda,2027,0.690853,8.268356,79.779795
P0429,Pulyankuda,2028,0.720009,8.268356,79.779795
P0429,Pulyankuda,2029,0.723831,8.268356,79.779795
P0429,Pulyankuda,2030,0.732386,8.268356,79.779795
P0430,Pulyankuda,2026,0.53726,8.262834,79.759267
P0430,Pulyankuda,2027,0.558774,8.262834,79.759267
P0430,Pulyankuda,2028,0.506075,8.262834,79.759267
P0430,Pulyankuda,2029,0.525302,8.262834,79.759267
P0430,Pulyankuda,2030,0.526592,8.262834,79.759267
P0431,Pulyankuda,2026,0.468067,8.262332,79.753287
P0431,Pulyankuda,2027,0.486503,8.262332,79.753287
P0431,Pulyankuda,2028,0.45009,8.262332,79.753287
P0431,Pulyankuda,2029,0.452775,8.262332,79.753287
P0431,Pulyankuda,2030,0.474788,8.262332,79.753287
P0432,Pulyankuda,2026,0.464406,8.261673,79.772062
P0432,Pulyankuda,2027,0.542533,8.261673,79.772062
P0432,Pulyankuda,2028,0.473216,8.261673,79.772062
P0432,Pulyankuda,2029,0.473867,8.261673,79.772062
P0432,Pulyankuda,2030,0.473415,8.261673,79.772062
P0433,Pulyankuda,2026,0.485012,8.261555,79.74989
P0433,Pulyankuda,2027,0.507418,8.261555,79.74989
P0433,Pulyankuda,2028,0.466798,8.261555,79.74989
P0433,Pulyankuda,2029,0.467762,8.261555,79.74989
P0433,Pulyankuda,2030,0.466828,8.261555,79.74989
P0434,Pulyankuda,2026,0.397163,8.261885,79.759975
P0434,Pulyankuda,2027,0.376513,8.261885,79.759975
P0434,Pulyankuda,2028,0.35489,8.261885,79.759975
P0434,Pulyankuda,2029,0.354673,8.261885,79.759975
P0434,Pulyankuda,2030,0.356188,8.261885,79.759975
P0435,Kalpitiya,2026,0.598988,8.261111,79.745639
P0435,Kalpitiya,2027,0.614222,8.261111,79.745639
P0435,Kalpitiya,2028,0.596016,8.261111,79.745639
P0435,Kalpitiya,2029,0.609757,8.261111,79.745639
P0435,Kalpitiya,2030,0.613696,8.261111,79.745639
P0436,Pulyankuda,2026,0.18181,8.261166,79.759612
P0436,Pulyankuda,2027,0.172566,8.261166,79.759612
P0436,Pulyankuda,2028,0.170955,8.261166,79.759612
P0436,Pulyankuda,2029,0.169813,8.261166,79.759612
P0436,Pulyankuda,2030,0.173765,8.261166,79.759612
P0437,Pulyankuda,2026,0.472001,8.260566,79.776649
P0437,Pulyankuda,2027,0.475889,8.260566,79.776649
P0437,Pulyankuda,2028,0.475128,8.260566,79.776649
P0437,Pulyankuda,2029,0.465589,8.260566,79.776649
P0437,Pulyankuda,2030,0.462765,8.260566,79.776649
P0438,Pulyankuda,2026,0.619959,8.260779,79.759
P0438,Pulyankuda,2027,0.63,8.260779,79.759
P0438,Pulyankuda,2028,0.709103,8.260779,79.759
P0438,Pulyankuda,2029,0.71271,8.260779,79.759
P0438,Pulyankuda,2030,0.718944,8.260779,79.759
P0439,Pulyankuda,2026,0.412239,8.260779,79.774999
P0439,Pulyankuda,2027,0.40983,8.260779,79.774999
P0439,Pulyankuda,2028,0.389427,8.260779,79.774999
P0439,Pulyankuda,2029,0.389211,8.260779,79.774999
P0439,Pulyankuda,2030,0.390671,8.260779,79.774999
P0440,Pulyankuda,2026,0.606954,8.260209,79.758702
P0440,Pulyankuda,2027,0.602561,8.260209,79.758702
P0440,Pulyankuda,2028,0.667184,8.260209,79.758702
P0440,Pulyankuda,2029,0.654996,8.260209,79.758702
P0440,Pulyankuda,2030,0.649765,8.260209,79.758702
P0441,Pulyankuda,2026,0.412253,8.260528,79.759702
P0441,Pulyankuda,2027,0.439171,8.260528,79.759702
P0441,Pulyankuda,2028,0.437416,8.260528,79.759702
P0441,Pulyankuda,2029,0.429541,8.260528,79.759702
P0441,Pulyankuda,2030,0.427415,8.260528,79.759702
P0442,Pulyankuda,2026,0.610058,8.261694,79.751357
P0442,Pulyankuda,2027,0.634177,8.261694,79.751357
P0442,Pulyankuda,2028,0.622729,8.261694,79.751357
P0442,Pulyankuda,2029,0.631316,8.261694,79.751357
P0442,Pulyankuda,2030,0.635879,8.261694,79.751357
P0443,Pulyankuda,2026,0.294867,8.259887,79.77511
P0443,Pulyankuda,2027,0.317927,8.259887,79.77511
P0443,Pulyankuda,2028,0.298679,8.259887,79.77511
P0443,Pulyankuda,2029,0.296771,8.259887,79.77511
P0443,Pulyankuda,2030,0.297974,8.259887,79.77511
P0444,Pulyankuda,2026,0.325377,8.259762,79.775921
P0444,Pulyankuda,2027,0.365662,8.259762,79.775921
P0444,Pulyankuda,2028,0.303725,8.259762,79.775921
P0444,Pulyankuda,2029,0.303541,8.259762,79.775921
P0444,Pulyankuda,2030,0.30621,8.259762,79.775921
P0445,Kalpitiya,2026,0.47749,8.258288,79.771177
P0445,Kalpitiya,2027,0.52801,8.258288,79.771177
P0445,Kalpitiya,2028,0.485952,8.258288,79.771177
P0445,Kalpitiya,2029,0.489756,8.258288,79.771177
P0445,Kalpitiya,2030,0.507729,8.258288,79.771177
P0446,Pulyankuda,2026,0.548433,8.259906,79.772248
P0446,Pulyankuda,2027,0.593677,8.259906,79.772248
P0446,Pulyankuda,2028,0.572711,8.259906,79.772248
P0446,Pulyankuda,2029,0.588708,8.259906,79.772248
P0446,Pulyankuda,2030,0.606436,8.259906,79.772248
P0447,Kalpitiya,2026,0.520809,8.257332,79.771334
P0447,Kalpitiya,2027,0.578627,8.257332,79.771334
P0447,Kalpitiya,2028,0.509606,8.257332,79.771334
P0447,Kalpitiya,2029,0.513313,8.257332,79.771334
P0447,Kalpitiya,2030,0.5287,8.257332,79.771334
P0448,Kalpitiya,2026,0.604131,8.257118,79.75765
P0448,Kalpitiya,2027,0.613221,8.257118,79.75765
P0448,Kalpitiya,2028,0.649466,8.257118,79.75765
P0448,Kalpitiya,2029,0.668912,8.257118,79.75765
P0448,Kalpitiya,2030,0.66944,8.257118,79.75765
P0449,Kalpitiya,2026,0.395224,8.256889,79.750555
P0449,Kalpitiya,2027,0.461405,8.256889,79.750555
P0449,Kalpitiya,2028,0.387873,8.256889,79.750555
P0449,Kalpitiya,2029,0.387433,8.256889,79.750555
P0449,Kalpitiya,2030,0.387684,8.256889,79.750555
P0450,Kalpitiya,2026,0.457263,8.256092,79.750092
P0450,Kalpitiya,2027,0.508633,8.256092,79.750092
P0450,Kalpitiya,2028,0.439289,8.256092,79.750092
P0450,Kalpitiya,2029,0.446914,8.256092,79.750092
P0450,Kalpitiya,2030,0.449295,8.256092,79.750092
P0451,Kalpitiya,2026,0.473486,8.255306,79.749944
P0451,Kalpitiya,2027,0.482961,8.255306,79.749944
P0451,Kalpitiya,2028,0.467858,8.255306,79.749944
P0451,Kalpitiya,2029,0.467524,8.255306,79.749944
P0451,Kalpitiya,2030,0.46859,8.255306,79.749944
P0452,Kalpitiya,2026,0.465266,8.255191,79.772396
P0452,Kalpitiya,2027,0.483254,8.255191,79.772396
P0452,Kalpitiya,2028,0.470206,8.255191,79.772396
P0452,Kalpitiya,2029,0.471158,8.255191,79.772396
P0452,Kalpitiya,2030,0.471813,8.255191,79.772396
P0453,Kalpitiya,2026,0.45646,8.254556,79.753444
P0453,Kalpitiya,2027,0.452532,8.254556,79.753444
P0453,Kalpitiya,2028,0.456926,8.254556,79.753444
P0453,Kalpitiya,2029,0.464102,8.254556,79.753444
P0453,Kalpitiya,2030,0.461587,8.254556,79.753444
P0454,Kalpitiya,2026,0.554021,8.254645,79.774503
P0454,Kalpitiya,2027,0.562227,8.254645,79.774503
P0454,Kalpitiya,2028,0.570566,8.254645,79.774503
P0454,Kalpitiya,2029,0.591021,8.254645,79.774503
P0454,Kalpitiya,2030,0.606986,8.254645,79.774503
P0455,Kalpitiya,2026,0.567597,8.254577,79.75134
P0455,Kalpitiya,2027,0.586765,8.254577,79.75134
P0455,Kalpitiya,2028,0.54498,8.254577,79.75134
P0455,Kalpitiya,2029,0.558652,8.254577,79.75134
P0455,Kalpitiya,2030,0.566014,8.254577,79.75134
P0456,Kalpitiya,2026,0.366157,8.254358,79.752728
P0456,Kalpitiya,2027,0.381618,8.254358,79.752728
P0456,Kalpitiya,2028,0.36747,8.254358,79.752728
P0456,Kalpitiya,2029,0.367779,8.254358,79.752728
P0456,Kalpitiya,2030,0.366298,8.254358,79.752728
P0457,Kalpitiya,2026,0.528187,8.254233,79.773279
P0457,Kalpitiya,2027,0.53162,8.254233,79.773279
P0457,Kalpitiya,2028,0.479496,8.254233,79.773279
P0457,Kalpitiya,2029,0.48009,8.254233,79.773279
P0457,Kalpitiya,2030,0.484041,8.254233,79.773279
P0458,Kalpitiya,2026,0.211998,8.254001,79.751112
P0458,Kalpitiya,2027,0.2669,8.254001,79.751112
P0458,Kalpitiya,2028,0.217836,8.254001,79.751112
P0458,Kalpitiya,2029,0.208941,8.254001,79.751112
P0458,Kalpitiya,2030,0.231214,8.254001,79.751112
P0459,Kalpitiya,2026,0.598497,8.253245,79.746491
P0459,Kalpitiya,2027,0.610878,8.253245,79.746491
P0459,Kalpitiya,2028,0.624964,8.253245,79.746491
P0459,Kalpitiya,2029,0.62914,8.253245,79.746491
P0459,Kalpitiya,2030,0.644298,8.253245,79.746491
P0460,Kalpitiya,2026,0.709298,8.250842,79.751667
P0460,Kalpitiya,2027,0.715463,8.250842,79.751667
P0460,Kalpitiya,2028,0.74633,8.250842,79.751667
P0460,Kalpitiya,2029,0.755724,8.250842,79.751667
P0460,Kalpitiya,2030,0.768509,8.250842,79.751667
P0461,Kalpitiya,2026,0.414887,8.252036,79.749017
P0461,Kalpitiya,2027,0.461228,8.252036,79.749017
P0461,Kalpitiya,2028,0.451262,8.252036,79.749017
P0461,Kalpitiya,2029,0.457261,8.252036,79.749017
P0461,Kalpitiya,2030,0.463605,8.252036,79.749017
P0462,Kalpitiya,2026,0.425228,8.249037,79.772142
P0462,Kalpitiya,2027,0.406065,8.249037,79.772142
P0462,Kalpitiya,2028,0.417445,8.249037,79.772142
P0462,Kalpitiya,2029,0.416715,8.249037,79.772142
P0462,Kalpitiya,2030,0.414159,8.249037,79.772142
P0463,Kalpitiya,2026,0.42295,8.250762,79.752909
P0463,Kalpitiya,2027,0.417694,8.250762,79.752909
P0463,Kalpitiya,2028,0.418292,8.250762,79.752909
P0463,Kalpitiya,2029,0.429283,8.250762,79.752909
P0463,Kalpitiya,2030,0.455509,8.250762,79.752909
P0464,Kalpitiya,2026,0.649244,8.24994,79.770795
P0464,Kalpitiya,2027,0.646559,8.24994,79.770795
P0464,Kalpitiya,2028,0.667764,8.24994,79.770795
P0464,Kalpitiya,2029,0.679711,8.24994,79.770795
P0464,Kalpitiya,2030,0.69517,8.24994,79.770795
P0465,Kalpitiya,2026,0.504165,8.245667,79.768709
P0465,Kalpitiya,2027,0.524049,8.245667,79.768709
P0465,Kalpitiya,2028,0.530495,8.245667,79.768709
P0465,Kalpitiya,2029,0.54627,8.245667,79.768709
P0465,Kalpitiya,2030,0.564388,8.245667,79.768709
P0466,Kalpitiya,2026,0.737948,8.243888,79.753
P0466,Kalpitiya,2027,0.740512,8.243888,79.753
P0466,Kalpitiya,2028,0.755986,8.243888,79.753
P0466,Kalpitiya,2029,0.766205,8.243888,79.753
P0466,Kalpitiya,2030,0.793629,8.243888,79.753
P0467,Kalpitiya,2026,0.751704,8.243128,79.752873
P0467,Kalpitiya,2027,0.740497,8.243128,79.752873
P0467,Kalpitiya,2028,0.757087,8.243128,79.752873
P0467,Kalpitiya,2029,0.771935,8.243128,79.752873
P0467,Kalpitiya,2030,0.779391,8.243128,79.752873
P0468,Kalpitiya,2026,0.759366,8.243266,79.753756
P0468,Kalpitiya,2027,0.743074,8.243266,79.753756
P0468,Kalpitiya,2028,0.790737,8.243266,79.753756
P0468,Kalpitiya,2029,0.795534,8.243266,79.753756
P0468,Kalpitiya,2030,0.800237,8.243266,79.753756
P0469,Kalpitiya,2026,0.666667,8.24248,79.753592
P0469,Kalpitiya,2027,0.681129,8.24248,79.753592
P0469,Kalpitiya,2028,0.704382,8.24248,79.753592
P0469,Kalpitiya,2029,0.70924,8.24248,79.753592
P0469,Kalpitiya,2030,0.70977,8.24248,79.753592
P0470,Kalpitiya,2026,0.64016,8.242186,79.753294
P0470,Kalpitiya,2027,0.647332,8.242186,79.753294
P0470,Kalpitiya,2028,0.678629,8.242186,79.753294
P0470,Kalpitiya,2029,0.687479,8.242186,79.753294
P0470,Kalpitiya,2030,0.694503,8.242186,79.753294
P0471,Kalpitiya,2026,0.5863,8.242172,79.752556
P0471,Kalpitiya,2027,0.622143,8.242172,79.752556
P0471,Kalpitiya,2028,0.632194,8.242172,79.752556
P0471,Kalpitiya,2029,0.632079,8.242172,79.752556
P0471,Kalpitiya,2030,0.63746,8.242172,79.752556
P0472,Kalpitiya,2026,0.69562,8.241349,79.751614
P0472,Kalpitiya,2027,0.680913,8.241349,79.751614
P0472,Kalpitiya,2028,0.720654,8.241349,79.751614
P0472,Kalpitiya,2029,0.725145,8.241349,79.751614
P0472,Kalpitiya,2030,0.73294,8.241349,79.751614
P0473,Kalpitiya,2026,0.764658,8.234893,79.779475
P0473,Kalpitiya,2027,0.73748,8.234893,79.779475
P0473,Kalpitiya,2028,0.772968,8.234893,79.779475
P0473,Kalpitiya,2029,0.776137,8.234893,79.779475
P0473,Kalpitiya,2030,0.778064,8.234893,79.779475
P0474,Karaitivu,2026,0.512237,8.233622,79.798687
P0474,Karaitivu,2027,0.593249,8.233622,79.798687
P0474,Karaitivu,2028,0.588555,8.233622,79.798687
P0474,Karaitivu,2029,0.590503,8.233622,79.798687
P0474,Karaitivu,2030,0.595135,8.233622,79.798687
P0475,Karaitivu,2026,0.568811,8.232999,79.803444
P0475,Karaitivu,2027,0.580289,8.232999,79.803444
P0475,Karaitivu,2028,0.58265,8.232999,79.803444
P0475,Karaitivu,2029,0.605607,8.232999,79.803444
P0475,Karaitivu,2030,0.609675,8.232999,79.803444
P0476,Karaitivu,2026,0.49296,8.232334,79.80411
P0476,Karaitivu,2027,0.487224,8.232334,79.80411
P0476,Karaitivu,2028,0.488821,8.232334,79.80411
P0476,Karaitivu,2029,0.485925,8.232334,79.80411
P0476,Karaitivu,2030,0.494856,8.232334,79.80411
P0477,Karaitivu,2026,0.44357,8.231777,79.803778
P0477,Karaitivu,2027,0.396845,8.231777,79.803778
P0477,Karaitivu,2028,0.404174,8.231777,79.803778
P0477,Karaitivu,2029,0.408092,8.231777,79.803778
P0477,Karaitivu,2030,0.403172,8.231777,79.803778
P0478,Karaitivu,2026,0.665979,8.232329,79.794953
P0478,Karaitivu,2027,0.6446,8.232329,79.794953
P0478,Karaitivu,2028,0.674192,8.232329,79.794953
P0478,Karaitivu,2029,0.719074,8.232329,79.794953
P0478,Karaitivu,2030,0.721042,8.232329,79.794953
P0479,Karaitivu,2026,0.537246,8.231001,79.791667
P0479,Karaitivu,2027,0.531367,8.231001,79.791667
P0479,Karaitivu,2028,0.603879,8.231001,79.791667
P0479,Karaitivu,2029,0.61041,8.231001,79.791667
P0479,Karaitivu,2030,0.625012,8.231001,79.791667
P0480,Karaitivu,2026,0.655111,8.227307,79.807277
P0480,Karaitivu,2027,0.638856,8.227307,79.807277
P0480,Karaitivu,2028,0.630334,8.227307,79.807277
P0480,Karaitivu,2029,0.66022,8.227307,79.807277
P0480,Karaitivu,2030,0.677746,8.227307,79.807277
P0481,Kalpitiya,2026,0.381656,8.225703,79.753741
P0481,Kalpitiya,2027,0.390674,8.225703,79.753741
P0481,Kalpitiya,2028,0.371213,8.225703,79.753741
P0481,Kalpitiya,2029,0.376491,8.225703,79.753741
P0481,Kalpitiya,2030,0.371549,8.225703,79.753741
P0482,Karaitivu,2026,0.72675,8.224877,79.810309
P0482,Karaitivu,2027,0.721966,8.224877,79.810309
P0482,Karaitivu,2028,0.720927,8.224877,79.810309
P0482,Karaitivu,2029,0.74095,8.224877,79.810309
P0482,Karaitivu,2030,0.738049,8.224877,79.810309
P0483,Kalpitiya,2026,0.490056,8.224776,79.755
P0483,Kalpitiya,2027,0.490226,8.224776,79.755
P0483,Kalpitiya,2028,0.490687,8.224776,79.755
P0483,Kalpitiya,2029,0.490586,8.224776,79.755
P0483,Kalpitiya,2030,0.488425,8.224776,79.755
P0484,Karaitivu,2026,0.717691,8.224158,79.811044
P0484,Karaitivu,2027,0.726822,8.224158,79.811044
P0484,Karaitivu,2028,0.717388,8.224158,79.811044
P0484,Karaitivu,2029,0.736365,8.224158,79.811044
P0484,Karaitivu,2030,0.747031,8.224158,79.811044
P0485,Kalpitiya,2026,0.41639,8.223983,79.753
P0485,Kalpitiya,2027,0.430979,8.223983,79.753
P0485,Kalpitiya,2028,0.450941,8.223983,79.753
P0485,Kalpitiya,2029,0.452182,8.223983,79.753
P0485,Kalpitiya,2030,0.447095,8.223983,79.753
P0486,Kalpitiya,2026,0.468818,8.224531,79.754103
P0486,Kalpitiya,2027,0.485593,8.224531,79.754103
P0486,Kalpitiya,2028,0.467661,8.224531,79.754103
P0486,Kalpitiya,2029,0.481192,8.224531,79.754103
P0486,Kalpitiya,2030,0.483972,8.224531,79.754103
P0487,Kalpitiya,2026,0.465981,8.223833,79.755444
P0487,Kalpitiya,2027,0.482326,8.223833,79.755444
P0487,Kalpitiya,2028,0.457496,8.223833,79.755444
P0487,Kalpitiya,2029,0.476248,8.223833,79.755444
P0487,Kalpitiya,2030,0.478147,8.223833,79.755444
P0488,Karaitivu,2026,0.665155,8.22451,79.795794
P0488,Karaitivu,2027,0.634197,8.22451,79.795794
P0488,Karaitivu,2028,0.70177,8.22451,79.795794
P0488,Karaitivu,2029,0.708597,8.22451,79.795794
P0488,Karaitivu,2030,0.710851,8.22451,79.795794
P0489,Kalpitiya,2026,0.560748,8.223001,79.755446
P0489,Kalpitiya,2027,0.609247,8.223001,79.755446
P0489,Kalpitiya,2028,0.5093,8.223001,79.755446
P0489,Kalpitiya,2029,0.526791,8.223001,79.755446
P0489,Kalpitiya,2030,0.538975,8.223001,79.755446
P0490,Karaitivu,2026,0.529665,8.221385,79.802029
P0490,Karaitivu,2027,0.546899,8.221385,79.802029
P0490,Karaitivu,2028,0.576132,8.221385,79.802029
P0490,Karaitivu,2029,0.573464,8.221385,79.802029
P0490,Karaitivu,2030,0.571088,8.221385,79.802029
P0491,Karaitivu,2026,0.547818,8.221858,79.803063
P0491,Karaitivu,2027,0.619126,8.221858,79.803063
P0491,Karaitivu,2028,0.610928,8.221858,79.803063
P0491,Karaitivu,2029,0.608348,8.221858,79.803063
P0491,Karaitivu,2030,0.605516,8.221858,79.803063
P0492,Kalpitiya,2026,0.050484,8.221408,79.740927
P0492,Kalpitiya,2027,-0.009403,8.221408,79.740927
P0492,Kalpitiya,2028,-0.080776,8.221408,79.740927
P0492,Kalpitiya,2029,-0.079803,8.221408,79.740927
P0492,Kalpitiya,2030,-0.070495,8.221408,79.740927
P0493,Karaitivu,2026,0.682917,8.221668,79.801223
P0493,Karaitivu,2027,0.649805,8.221668,79.801223
P0493,Karaitivu,2028,0.71305,8.221668,79.801223
P0493,Karaitivu,2029,0.715943,8.221668,79.801223
P0493,Karaitivu,2030,0.726601,8.221668,79.801223
P0494,Vellaimanai,2026,-0.011077,8.221445,79.734111
P0494,Vellaimanai,2027,-0.064581,8.221445,79.734111
P0494,Vellaimanai,2028,-0.040106,8.221445,79.734111
P0494,Vellaimanai,2029,-0.046644,8.221445,79.734111
P0494,Vellaimanai,2030,-0.064907,8.221445,79.734111
P0495,Kalpitiya,2026,0.044884,8.221445,79.741444
P0495,Kalpitiya,2027,-0.002355,8.221445,79.741444
P0495,Kalpitiya,2028,-0.055599,8.221445,79.741444
P0495,Kalpitiya,2029,-0.059272,8.221445,79.741444
P0495,Kalpitiya,2030,-0.077582,8.221445,79.741444
P0496,Vellaimanai,2026,-0.008811,8.221037,79.732037
P0496,Vellaimanai,2027,-0.100426,8.221037,79.732037
P0496,Vellaimanai,2028,-0.090379,8.221037,79.732037
P0496,Vellaimanai,2029,-0.099424,8.221037,79.732037
P0496,Vellaimanai,2030,-0.100069,8.221037,79.732037
P0497,Vellaimanai,2026,-0.133508,8.221222,79.733222
P0497,Vellaimanai,2027,-0.117647,8.221222,79.733222
P0497,Vellaimanai,2028,-0.12735,8.221222,79.733222
P0497,Vellaimanai,2029,-0.131117,8.221222,79.733222
P0497,Vellaimanai,2030,-0.13282,8.221222,79.733222
P0498,Kalpitiya,2026,0.48971,8.222535,79.753039
P0498,Kalpitiya,2027,0.48706,8.222535,79.753039
P0498,Kalpitiya,2028,0.497438,8.222535,79.753039
P0498,Kalpitiya,2029,0.49812,8.222535,79.753039
P0498,Kalpitiya,2030,0.493171,8.222535,79.753039
P0499,Kalpitiya,2026,0.344284,8.221296,79.752925
P0499,Kalpitiya,2027,0.320499,8.221296,79.752925
P0499,Kalpitiya,2028,0.313801,8.221296,79.752925
P0499,Kalpitiya,2029,0.313258,8.221296,79.752925
P0499,Kalpitiya,2030,0.3147,8.221296,79.752925
P0500,Kalpitiya,2026,0.088451,8.221036,79.751667
P0500,Kalpitiya,2027,0.131527,8.221036,79.751667
P0500,Kalpitiya,2028,0.148447,8.221036,79.751667
P0500,Kalpitiya,2029,0.156041,8.221036,79.751667
P0500,Kalpitiya,2030,0.157327,8.221036,79.751667
P0501,Vellaimanai,2026,-0.063843,8.220704,79.738186
P0501,Vellaimanai,2027,-0.097489,8.220704,79.738186
P0501,Vellaimanai,2028,-0.105426,8.220704,79.738186
P0501,Vellaimanai,2029,-0.105954,8.220704,79.738186
P0501,Vellaimanai,2030,-0.104355,8.220704,79.738186
P0502,Kalpitiya,2026,0.427478,8.220556,79.751667
P0502,Kalpitiya,2027,0.428233,8.220556,79.751667
P0502,Kalpitiya,2028,0.431312,8.220556,79.751667
P0502,Kalpitiya,2029,0.42928,8.220556,79.751667
P0502,Kalpitiya,2030,0.34738,8.220556,79.751667
P0503,Karaitivu,2026,0.636605,8.221712,79.807686
P0503,Karaitivu,2027,0.636764,8.221712,79.807686
P0503,Karaitivu,2028,0.643171,8.221712,79.807686
P0503,Karaitivu,2029,0.641115,8.221712,79.807686
P0503,Karaitivu,2030,0.639611,8.221712,79.807686
P0504,Vellaimanai,2026,0.319619,8.220186,79.735519
P0504,Vellaimanai,2027,0.34225,8.220186,79.735519
P0504,Vellaimanai,2028,0.33631,8.220186,79.735519
P0504,Vellaimanai,2029,0.33187,8.220186,79.735519
P0504,Vellaimanai,2030,0.32793,8.220186,79.735519
P0505,Karaitivu,2026,0.283783,8.220186,79.810184
P0505,Karaitivu,2027,0.262558,8.220186,79.810184
P0505,Karaitivu,2028,0.21957,8.220186,79.810184
P0505,Karaitivu,2029,0.225232,8.220186,79.810184
P0505,Karaitivu,2030,0.222458,8.220186,79.810184
P0506,Vellaimanai,2026,0.326764,8.220112,79.736889
P0506,Vellaimanai,2027,0.329605,8.220112,79.736889
P0506,Vellaimanai,2028,0.303546,8.220112,79.736889
P0506,Vellaimanai,2029,0.311419,8.220112,79.736889
P0506,Vellaimanai,2030,0.28267,8.220112,79.736889
P0507,Kalpitiya,2026,0.475591,8.21975,79.746944
P0507,Kalpitiya,2027,0.476108,8.21975,79.746944
P0507,Kalpitiya,2028,0.44785,8.21975,79.746944
P0507,Kalpitiya,2029,0.438316,8.21975,79.746944
P0507,Kalpitiya,2030,0.475256,8.21975,79.746944
P0508,Karaitivu,2026,0.313487,8.219666,79.808112
P0508,Karaitivu,2027,0.307616,8.219666,79.808112
P0508,Karaitivu,2028,0.287369,8.219666,79.808112
P0508,Karaitivu,2029,0.295927,8.219666,79.808112
P0508,Karaitivu,2030,0.299494,8.219666,79.808112
P0509,Karaitivu,2026,0.148164,8.219666,79.811002
P0509,Karaitivu,2027,0.14419,8.219666,79.811002
P0509,Karaitivu,2028,0.127127,8.219666,79.811002
P0509,Karaitivu,2029,0.125118,8.219666,79.811002
P0509,Karaitivu,2030,0.125167,8.219666,79.811002
P0510,Karaitivu,2026,0.479552,8.219443,79.808335
P0510,Karaitivu,2027,0.480618,8.219443,79.808335
P0510,Karaitivu,2028,0.459156,8.219443,79.808335
P0510,Karaitivu,2029,0.478976,8.219443,79.808335
P0510,Karaitivu,2030,0.481058,8.219443,79.808335
P0511,Kandakuli,2026,0.502171,8.218889,79.73737
P0511,Kandakuli,2027,0.519062,8.218889,79.73737
P0511,Kandakuli,2028,0.484137,8.218889,79.73737
P0511,Kandakuli,2029,0.480942,8.218889,79.73737
P0511,Kandakuli,2030,0.480173,8.218889,79.73737
P0512,Karaitivu,2026,0.132672,8.219056,79.812167
P0512,Karaitivu,2027,0.106958,8.219056,79.812167
P0512,Karaitivu,2028,0.096812,8.219056,79.812167
P0512,Karaitivu,2029,0.096221,8.219056,79.812167
P0512,Karaitivu,2030,0.100277,8.219056,79.812167
P0513,Kandakuli,2026,0.316392,8.218556,79.738778
P0513,Kandakuli,2027,0.341446,8.218556,79.738778
P0513,Kandakuli,2028,0.323556,8.218556,79.738778
P0513,Kandakuli,2029,0.328119,8.218556,79.738778
P0513,Kandakuli,2030,0.325661,8.218556,79.738778
P0514,Karaitivu,2026,0.521222,8.218659,79.808436
P0514,Karaitivu,2027,0.557831,8.218659,79.808436
P0514,Karaitivu,2028,0.511465,8.218659,79.808436
P0514,Karaitivu,2029,0.517821,8.218659,79.808436
P0514,Karaitivu,2030,0.515998,8.218659,79.808436
P0515,Kalpitiya,2026,0.378969,8.219173,79.744931
P0515,Kalpitiya,2027,0.36639,8.219173,79.744931
P0515,Kalpitiya,2028,0.321047,8.219173,79.744931
P0515,Kalpitiya,2029,0.337219,8.219173,79.744931
P0515,Kalpitiya,2030,0.339047,8.219173,79.744931
P0516,Karaitivu,2026,0.117516,8.218333,79.813534
P0516,Karaitivu,2027,0.079025,8.218333,79.813534
P0516,Karaitivu,2028,0.018983,8.218333,79.813534
P0516,Karaitivu,2029,0.02668,8.218333,79.813534
P0516,Karaitivu,2030,0.036281,8.218333,79.813534
P0517,Kandakuli,2026,0.240745,8.217592,79.74291
P0517,Kandakuli,2027,0.238587,8.217592,79.74291
P0517,Kandakuli,2028,0.240999,8.217592,79.74291
P0517,Kandakuli,2029,0.243927,8.217592,79.74291
P0517,Kandakuli,2030,0.257874,8.217592,79.74291
P0518,Kalpitiya,2026,0.312806,8.217783,79.76921
P0518,Kalpitiya,2027,0.317901,8.217783,79.76921
P0518,Kalpitiya,2028,0.286477,8.217783,79.76921
P0518,Kalpitiya,2029,0.290943,8.217783,79.76921
P0518,Kalpitiya,2030,0.322929,8.217783,79.76921
P0519,Karaitivu,2026,0.478347,8.217889,79.811334
P0519,Karaitivu,2027,0.468742,8.217889,79.811334
P0519,Karaitivu,2028,0.406068,8.217889,79.811334
P0519,Karaitivu,2029,0.4103,8.217889,79.811334
P0519,Karaitivu,2030,0.409688,8.217889,79.811334
P0520,Karaitivu,2026,0.121204,8.217668,79.813445
P0520,Karaitivu,2027,0.149311,8.217668,79.813445
P0520,Karaitivu,2028,0.121258,8.217668,79.813445
P0520,Karaitivu,2029,0.119078,8.217668,79.813445
P0520,Karaitivu,2030,0.121478,8.217668,79.813445
P0521,Kandakuli,2026,0.426582,8.217445,79.740666
P0521,Kandakuli,2027,0.444672,8.217445,79.740666
P0521,Kandakuli,2028,0.464293,8.217445,79.740666
P0521,Kandakuli,2029,0.461034,8.217445,79.740666
P0521,Kandakuli,2030,0.460002,8.217445,79.740666
P0522,Kalpitiya,2026,0.253841,8.217459,79.769001
P0522,Kalpitiya,2027,0.256697,8.217459,79.769001
P0522,Kalpitiya,2028,0.253466,8.217459,79.769001
P0522,Kalpitiya,2029,0.253461,8.217459,79.769001
P0522,Kalpitiya,2030,0.252357,8.217459,79.769001
P0523,Karaitivu,2026,0.387699,8.217445,79.811666
P0523,Karaitivu,2027,0.413877,8.217445,79.811666
P0523,Karaitivu,2028,0.407786,8.217445,79.811666
P0523,Karaitivu,2029,0.404786,8.217445,79.811666
P0523,Karaitivu,2030,0.406941,8.217445,79.811666
P0524,Karaitivu,2026,0.420397,8.217297,79.810927
P0524,Karaitivu,2027,0.424053,8.217297,79.810927
P0524,Karaitivu,2028,0.34518,8.217297,79.810927
P0524,Karaitivu,2029,0.363405,8.217297,79.810927
P0524,Karaitivu,2030,0.375471,8.217297,79.810927
P0525,Karaitivu,2026,0.230245,8.217223,79.813222
P0525,Karaitivu,2027,0.178244,8.217223,79.813222
P0525,Karaitivu,2028,0.140265,8.217223,79.813222
P0525,Karaitivu,2029,0.135795,8.217223,79.813222
P0525,Karaitivu,2030,0.165033,8.217223,79.813222
P0526,Kandakuli,2026,0.106077,8.218255,79.739302
P0526,Kandakuli,2027,0.105545,8.218255,79.739302
P0526,Kandakuli,2028,0.069896,8.218255,79.739302
P0526,Kandakuli,2029,0.056055,8.218255,79.739302
P0526,Kandakuli,2030,0.054449,8.218255,79.739302
P0527,Kalpitiya,2026,0.679549,8.217354,79.76519
P0527,Kalpitiya,2027,0.673455,8.217354,79.76519
P0527,Kalpitiya,2028,0.719428,8.217354,79.76519
P0527,Kalpitiya,2029,0.724006,8.217354,79.76519
P0527,Kalpitiya,2030,0.730636,8.217354,79.76519
P0528,Karaitivu,2026,0.399183,8.21883,79.809712
P0528,Karaitivu,2027,0.411485,8.21883,79.809712
P0528,Karaitivu,2028,0.400255,8.21883,79.809712
P0528,Karaitivu,2029,0.398277,8.21883,79.809712
P0528,Karaitivu,2030,0.395842,8.21883,79.809712
P0529,Kalpitiya,2026,0.680002,8.217084,79.78368
P0529,Kalpitiya,2027,0.619893,8.217084,79.78368
P0529,Kalpitiya,2028,0.670574,8.217084,79.78368
P0529,Kalpitiya,2029,0.661509,8.217084,79.78368
P0529,Kalpitiya,2030,0.671175,8.217084,79.78368
P0530,Karaitivu,2026,0.181645,8.217121,79.812713
P0530,Karaitivu,2027,0.109086,8.217121,79.812713
P0530,Karaitivu,2028,0.116912,8.217121,79.812713
P0530,Karaitivu,2029,0.113464,8.217121,79.812713
P0530,Karaitivu,2030,0.10963,8.217121,79.812713
P0531,Kandakuli,2026,0.736212,8.215666,79.744111
P0531,Kandakuli,2027,0.731516,8.215666,79.744111
P0531,Kandakuli,2028,0.748681,8.215666,79.744111
P0531,Kandakuli,2029,0.749873,8.215666,79.744111
P0531,Kandakuli,2030,0.75888,8.215666,79.744111
P0532,Karaitivu,2026,0.214774,8.215334,79.813063
P0532,Karaitivu,2027,0.186772,8.215334,79.813063
P0532,Karaitivu,2028,0.169696,8.215334,79.813063
P0532,Karaitivu,2029,0.167272,8.215334,79.813063
P0532,Karaitivu,2030,0.171191,8.215334,79.813063
P0533,Karaitivu,2026,0.280443,8.214925,79.815092
P0533,Karaitivu,2027,0.234888,8.214925,79.815092
P0533,Karaitivu,2028,0.23074,8.214925,79.815092
P0533,Karaitivu,2029,0.229863,8.214925,79.815092
P0533,Karaitivu,2030,0.231331,8.214925,79.815092
P0534,Karaitivu,2026,0.585092,8.213555,79.816
P0534,Karaitivu,2027,0.581946,8.213555,79.816
P0534,Karaitivu,2028,0.604691,8.213555,79.816
P0534,Karaitivu,2029,0.607313,8.213555,79.816
P0534,Karaitivu,2030,0.609059,8.213555,79.816
P0535,Karaitivu,2026,0.362335,8.213388,79.815055
P0535,Karaitivu,2027,0.32069,8.213388,79.815055
P0535,Karaitivu,2028,0.311461,8.213388,79.815055
P0535,Karaitivu,2029,0.329277,8.213388,79.815055
P0535,Karaitivu,2030,0.333526,8.213388,79.815055
P0536,Karaitivu,2026,0.713671,8.213,79.816112
P0536,Karaitivu,2027,0.678802,8.213,79.816112
P0536,Karaitivu,2028,0.710797,8.213,79.816112
P0536,Karaitivu,2029,0.710014,8.213,79.816112
P0536,Karaitivu,2030,0.703641,8.213,79.816112
P0537,Kalpitiya,2026,0.728376,8.2119,79.768052
P0537,Kalpitiya,2027,0.71973,8.2119,79.768052
P0537,Kalpitiya,2028,0.754544,8.2119,79.768052
P0537,Kalpitiya,2029,0.761194,8.2119,79.768052
P0537,Kalpitiya,2030,0.769386,8.2119,79.768052
P0538,Kalpitiya,2026,0.7829,8.208333,79.769311
P0538,Kalpitiya,2027,0.774995,8.208333,79.769311
P0538,Kalpitiya,2028,0.789454,8.208333,79.769311
P0538,Kalpitiya,2029,0.789696,8.208333,79.769311
P0538,Kalpitiya,2030,0.790007,8.208333,79.769311
P0539,Kandakuli,2026,0.682343,8.213615,79.744407
P0539,Kandakuli,2027,0.666806,8.213615,79.744407
P0539,Kandakuli,2028,0.716047,8.213615,79.744407
P0539,Kandakuli,2029,0.717974,8.213615,79.744407
P0539,Kandakuli,2030,0.723664,8.213615,79.744407
P0540,Kandakuli,2026,0.776611,8.199354,79.738928
P0540,Kandakuli,2027,0.765514,8.199354,79.738928
P0540,Kandakuli,2028,0.790865,8.199354,79.738928
P0540,Kandakuli,2029,0.805173,8.199354,79.738928
P0540,Kandakuli,2030,0.803373,8.199354,79.738928
P0543,Puttalam,2026,0.537018,8.180407,79.823591
P0543,Puttalam,2027,0.540441,8.180407,79.823591
P0543,Puttalam,2028,0.567891,8.180407,79.823591
P0543,Puttalam,2029,0.575791,8.180407,79.823591
P0543,Puttalam,2030,0.590271,8.180407,79.823591
P0545,Puttalam,2026,0.607379,8.178999,79.823377
P0545,Puttalam,2027,0.622477,8.178999,79.823377
P0545,Puttalam,2028,0.648036,8.178999,79.823377
P0545,Puttalam,2029,0.633773,8.178999,79.823377
P0545,Puttalam,2030,0.673408,8.178999,79.823377
P0547,Puttalam,2026,0.541129,8.174864,79.824059
P0547,Puttalam,2027,0.543016,8.174864,79.824059
P0547,Puttalam,2028,0.539403,8.174864,79.824059
P0547,Puttalam,2029,0.543975,8.174864,79.824059
P0547,Puttalam,2030,0.542833,8.174864,79.824059
P0548,Puttalam,2026,0.682647,8.173559,79.825002
P0548,Puttalam,2027,0.675386,8.173559,79.825002
P0548,Puttalam,2028,0.710904,8.173559,79.825002
P0548,Puttalam,2029,0.709661,8.173559,79.825002
P0548,Puttalam,2030,0.719793,8.173559,79.825002
P0549,,2026,0.807345,8.175322,79.750195
P0549,,2027,0.81547,8.175322,79.750195
P0549,,2028,0.814254,8.175322,79.750195
P0549,,2029,0.815501,8.175322,79.750195
P0549,,2030,0.814831,8.175322,79.750195
P0550,Puttalam,2026,0.59868,8.178117,79.821408
P0550,Puttalam,2027,0.584661,8.178117,79.821408
P0550,Puttalam,2028,0.631722,8.178117,79.821408
P0550,Puttalam,2029,0.63657,8.178117,79.821408
P0550,Puttalam,2030,0.638986,8.178117,79.821408
P0551,Puttalam,2026,0.539716,8.17285,79.807586
P0551,Puttalam,2027,0.485462,8.17285,79.807586
P0551,Puttalam,2028,0.521164,8.17285,79.807586
P0551,Puttalam,2029,0.521534,8.17285,79.807586
P0551,Puttalam,2030,0.540377,8.17285,79.807586
P0552,Puttalam,2026,0.521567,8.171964,79.807517
P0552,Puttalam,2027,0.426974,8.171964,79.807517
P0552,Puttalam,2028,0.485544,8.171964,79.807517
P0552,Puttalam,2029,0.485029,8.171964,79.807517
P0552,Puttalam,2030,0.486386,8.171964,79.807517
P0553,Puttalam,2026,0.705632,8.171383,79.821449
P0553,Puttalam,2027,0.675312,8.171383,79.821449
P0553,Puttalam,2028,0.611246,8.171383,79.821449
P0553,Puttalam,2029,0.665714,8.171383,79.821449
P0553,Puttalam,2030,0.674418,8.171383,79.821449
P0554,,2026,0.493607,8.170335,79.744153
P0554,,2027,0.528674,8.170335,79.744153
P0554,,2028,0.465386,8.170335,79.744153
P0554,,2029,0.496628,8.170335,79.744153
P0554,,2030,0.504304,8.170335,79.744153
P0555,,2026,0.370939,8.169889,79.742889
P0555,,2027,0.370452,8.169889,79.742889
P0555,,2028,0.385696,8.169889,79.742889
P0555,,2029,0.447617,8.169889,79.742889
P0555,,2030,0.456524,8.169889,79.742889
P0556,,2026,0.37749,8.169533,79.741977
P0556,,2027,0.448261,8.169533,79.741977
P0556,,2028,0.412488,8.169533,79.741977
P0556,,2029,0.457908,8.169533,79.741977
P0556,,2030,0.462755,8.169533,79.741977
P0557,,2026,0.483047,8.169555,79.743776
P0557,,2027,0.614034,8.169555,79.743776
P0557,,2028,0.603255,8.169555,79.743776
P0557,,2029,0.620813,8.169555,79.743776
P0557,,2030,0.644429,8.169555,79.743776
P0558,,2026,0.527565,8.169443,79.740998
P0558,,2027,0.634909,8.169443,79.740998
P0558,,2028,0.629726,8.169443,79.740998
P0558,,2029,0.662925,8.169443,79.740998
P0558,,2030,0.710561,8.169443,79.740998
P0559,,2026,0.370262,8.169443,79.742777
P0559,,2027,0.382823,8.169443,79.742777
P0559,,2028,0.368423,8.169443,79.742777
P0559,,2029,0.342722,8.169443,79.742777
P0559,,2030,0.360663,8.169443,79.742777
P0560,,2026,0.583826,8.169111,79.741221
P0560,,2027,0.627794,8.169111,79.741221
P0560,,2028,0.678854,8.169111,79.741221
P0560,,2029,0.687322,8.169111,79.741221
P0560,,2030,0.72491,8.169111,79.741221
P0561,Puttalam,2026,0.687173,8.169083,79.825387
P0561,Puttalam,2027,0.661037,8.169083,79.825387
P0561,Puttalam,2028,0.683301,8.169083,79.825387
P0561,Puttalam,2029,0.683328,8.169083,79.825387
P0561,Puttalam,2030,0.684024,8.169083,79.825387
P0562,,2026,0.479976,8.168482,79.741742
P0562,,2027,0.59027,8.168482,79.741742
P0562,,2028,0.558469,8.168482,79.741742
P0562,,2029,0.63358,8.168482,79.741742
P0562,,2030,0.645045,8.168482,79.741742
P0563,Puttalam,2026,0.684364,8.168232,79.824009
P0563,Puttalam,2027,0.706719,8.168232,79.824009
P0563,Puttalam,2028,0.7373,8.168232,79.824009
P0563,Puttalam,2029,0.756854,8.168232,79.824009
P0563,Puttalam,2030,0.771531,8.168232,79.824009
P0564,,2026,0.47065,8.168442,79.740118
P0564,,2027,0.532419,8.168442,79.740118
P0564,,2028,0.529796,8.168442,79.740118
P0564,,2029,0.542656,8.168442,79.740118
P0564,,2030,0.574564,8.168442,79.740118
P0565,,2026,0.36512,8.167847,79.745874
P0565,,2027,0.480193,8.167847,79.745874
P0565,,2028,0.351886,8.167847,79.745874
P0565,,2029,0.333774,8.167847,79.745874
P0565,,2030,0.34958,8.167847,79.745874
P0566,,2026,0.364174,8.167613,79.740778
P0566,,2027,0.432475,8.167613,79.740778
P0566,,2028,0.477277,8.167613,79.740778
P0566,,2029,0.489126,8.167613,79.740778
P0566,,2030,0.498822,8.167613,79.740778
P0567,,2026,0.509837,8.167964,79.744094
P0567,,2027,0.614839,8.167964,79.744094
P0567,,2028,0.623597,8.167964,79.744094
P0567,,2029,0.638434,8.167964,79.744094
P0567,,2030,0.665261,8.167964,79.744094
P0568,,2026,0.118901,8.165964,79.741518
P0568,,2027,0.12488,8.165964,79.741518
P0568,,2028,0.096664,8.165964,79.741518
P0568,,2029,0.100428,8.165964,79.741518
P0568,,2030,0.102013,8.165964,79.741518
P0569,Puttalam,2026,0.659115,8.165666,79.746113
P0569,Puttalam,2027,0.474206,8.165666,79.746113
P0569,Puttalam,2028,0.549209,8.165666,79.746113
P0569,Puttalam,2029,0.559427,8.165666,79.746113
P0569,Puttalam,2030,0.570072,8.165666,79.746113
P0570,,2026,0.301665,8.165443,79.738778
P0570,,2027,0.29578,8.165443,79.738778
P0570,,2028,0.312017,8.165443,79.738778
P0570,,2029,0.306253,8.165443,79.738778
P0570,,2030,0.304026,8.165443,79.738778
P0571,Puttalam,2026,0.597938,8.165332,79.823554
P0571,Puttalam,2027,0.616212,8.165332,79.823554
P0571,Puttalam,2028,0.609648,8.165332,79.823554
P0571,Puttalam,2029,0.631283,8.165332,79.823554
P0571,Puttalam,2030,0.662762,8.165332,79.823554
P0572,Puttalam,2026,0.768307,8.163887,79.810333
P0572,Puttalam,2027,0.77882,8.163887,79.810333
P0572,Puttalam,2028,0.765899,8.163887,79.810333
P0572,Puttalam,2029,0.765507,8.163887,79.810333
P0572,Puttalam,2030,0.767781,8.163887,79.810333
P0573,Puttalam,2026,0.727719,8.163555,79.821445
P0573,Puttalam,2027,0.732159,8.163555,79.821445
P0573,Puttalam,2028,0.718184,8.163555,79.821445
P0573,Puttalam,2029,0.717508,8.163555,79.821445
P0573,Puttalam,2030,0.738482,8.163555,79.821445
P0574,,2026,0.51903,8.164079,79.737418
P0574,,2027,0.480344,8.164079,79.737418
P0574,,2028,0.476959,8.164079,79.737418
P0574,,2029,0.485575,8.164079,79.737418
P0574,,2030,0.503662,8.164079,79.737418
P0575,Puttalam,2026,0.607135,8.165576,79.822187
P0575,Puttalam,2027,0.590596,8.165576,79.822187
P0575,Puttalam,2028,0.598789,8.165576,79.822187
P0575,Puttalam,2029,0.592969,8.165576,79.822187
P0575,Puttalam,2030,0.584173,8.165576,79.822187
P0576,Puttalam,2026,0.780333,8.166042,79.809987
P0576,Puttalam,2027,0.739277,8.166042,79.809987
P0576,Puttalam,2028,0.787102,8.166042,79.809987
P0576,Puttalam,2029,0.792776,8.166042,79.809987
P0576,Puttalam,2030,0.797208,8.166042,79.809987
P0577,Puttalam,2026,0.380681,8.162777,79.738555
P0577,Puttalam,2027,0.346202,8.162777,79.738555
P0577,Puttalam,2028,0.343462,8.162777,79.738555
P0577,Puttalam,2029,0.353406,8.162777,79.738555
P0577,Puttalam,2030,0.370089,8.162777,79.738555
P0578,Puttalam,2026,0.323737,8.162259,79.738481
P0578,Puttalam,2027,0.309509,8.162259,79.738481
P0578,Puttalam,2028,0.320088,8.162259,79.738481
P0578,Puttalam,2029,0.322521,8.162259,79.738481
P0578,Puttalam,2030,0.365574,8.162259,79.738481
P0579,Puttalam,2026,0.36325,8.161889,79.738778
P0579,Puttalam,2027,0.22273,8.161889,79.738778
P0579,Puttalam,2028,0.323647,8.161889,79.738778
P0579,Puttalam,2029,0.32551,8.161889,79.738778
P0579,Puttalam,2030,0.317663,8.161889,79.738778
P0580,Puttalam,2026,0.554088,8.161667,79.739888
P0580,Puttalam,2027,0.530534,8.161667,79.739888
P0580,Puttalam,2028,0.497725,8.161667,79.739888
P0580,Puttalam,2029,0.549841,8.161667,79.739888
P0580,Puttalam,2030,0.55925,8.161667,79.739888
P0581,Puttalam,2026,0.580263,8.161113,79.73931
P0581,Puttalam,2027,0.62621,8.161113,79.73931
P0581,Puttalam,2028,0.482436,8.161113,79.73931
P0581,Puttalam,2029,0.49075,8.161113,79.73931
P0581,Puttalam,2030,0.535919,8.161113,79.73931
P0582,Puttalam,2026,0.783362,8.163649,79.742436
P0582,Puttalam,2027,0.784119,8.163649,79.742436
P0582,Puttalam,2028,0.795938,8.163649,79.742436
P0582,Puttalam,2029,0.815088,8.163649,79.742436
P0582,Puttalam,2030,0.808676,8.163649,79.742436
P0583,Puttalam,2026,0.370241,8.159037,79.73763
P0583,Puttalam,2027,0.272612,8.159037,79.73763
P0583,Puttalam,2028,0.31582,8.159037,79.73763
P0583,Puttalam,2029,0.340777,8.159037,79.73763
P0583,Puttalam,2030,0.354937,8.159037,79.73763
P0584,Puttalam,2026,0.460526,8.156333,79.739444
P0584,Puttalam,2027,0.546298,8.156333,79.739444
P0584,Puttalam,2028,0.451378,8.156333,79.739444
P0584,Puttalam,2029,0.478583,8.156333,79.739444
P0584,Puttalam,2030,0.488567,8.156333,79.739444
P0585,Puttalam,2026,0.810234,8.156222,79.831444
P0585,Puttalam,2027,0.811259,8.156222,79.831444
P0585,Puttalam,2028,0.815897,8.156222,79.831444
P0585,Puttalam,2029,0.816743,8.156222,79.831444
P0585,Puttalam,2030,0.825896,8.156222,79.831444
P0586,Puttalam,2026,0.220027,8.15603,79.737736
P0586,Puttalam,2027,0.307185,8.15603,79.737736
P0586,Puttalam,2028,0.375816,8.15603,79.737736
P0586,Puttalam,2029,0.360976,8.15603,79.737736
P0586,Puttalam,2030,0.366359,8.15603,79.737736
P0587,Puttalam,2026,0.270943,8.154334,79.738889
P0587,Puttalam,2027,0.238259,8.154334,79.738889
P0587,Puttalam,2028,0.245169,8.154334,79.738889
P0587,Puttalam,2029,0.25501,8.154334,79.738889
P0587,Puttalam,2030,0.309296,8.154334,79.738889
P0588,Puttalam,2026,0.183456,8.15389,79.73789
P0588,Puttalam,2027,0.140903,8.15389,79.73789
P0588,Puttalam,2028,0.167676,8.15389,79.73789
P0588,Puttalam,2029,0.180738,8.15389,79.73789
P0588,Puttalam,2030,0.188428,8.15389,79.73789
P0589,Puttalam,2026,0.162663,8.15337,79.738406
P0589,Puttalam,2027,0.197736,8.15337,79.738406
P0589,Puttalam,2028,0.190453,8.15337,79.738406
P0589,Puttalam,2029,0.195788,8.15337,79.738406
P0589,Puttalam,2030,0.193796,8.15337,79.738406
P0590,Puttalam,2026,0.304272,8.153444,79.739221
P0590,Puttalam,2027,0.366191,8.153444,79.739221
P0590,Puttalam,2028,0.360803,8.153444,79.739221
P0590,Puttalam,2029,0.357109,8.153444,79.739221
P0590,Puttalam,2030,0.373655,8.153444,79.739221
P0591,Puttalam,2026,0.199618,8.152705,79.739739
P0591,Puttalam,2027,0.219635,8.152705,79.739739
P0591,Puttalam,2028,0.203159,8.152705,79.739739
P0591,Puttalam,2029,0.206847,8.152705,79.739739
P0591,Puttalam,2030,0.20492,8.152705,79.739739
P0592,Puttalam,2026,0.032676,8.151446,79.733668
P0592,Puttalam,2027,-0.062932,8.151446,79.733668
P0592,Puttalam,2028,-0.088095,8.151446,79.733668
P0592,Puttalam,2029,-0.103427,8.151446,79.733668
P0592,Puttalam,2030,-0.12487,8.151446,79.733668
P0593,Puttalam,2026,0.211797,8.151102,79.737543
P0593,Puttalam,2027,0.105185,8.151102,79.737543
P0593,Puttalam,2028,0.26455,8.151102,79.737543
P0593,Puttalam,2029,0.268533,8.151102,79.737543
P0593,Puttalam,2030,0.282634,8.151102,79.737543
P0594,Puttalam,2027,0.199734,8.151,79.738555
P0594,Puttalam,2028,0.202404,8.151,79.738555
P0594,Puttalam,2029,0.197512,8.151,79.738555
P0594,Puttalam,2030,0.199955,8.151,79.738555
P0595,Puttalam,2026,0.222247,8.150983,79.73929
P0595,Puttalam,2027,0.031657,8.150983,79.73929
P0595,Puttalam,2028,0.161931,8.150983,79.73929
P0595,Puttalam,2029,0.174552,8.150983,79.73929
P0595,Puttalam,2030,0.184909,8.150983,79.73929
P0596,Puttalam,2026,0.397819,8.150629,79.734406
P0596,Puttalam,2027,0.318657,8.150629,79.734406
P0596,Puttalam,2028,0.217378,8.150629,79.734406
P0596,Puttalam,2029,0.216033,8.150629,79.734406
P0596,Puttalam,2030,0.216215,8.150629,79.734406
P0597,Puttalam,2026,0.024105,8.150501,79.736481
P0597,Puttalam,2027,-0.002798,8.150501,79.736481
P0597,Puttalam,2028,0.013437,8.150501,79.736481
P0597,Puttalam,2029,0.016028,8.150501,79.736481
P0597,Puttalam,2030,0.01841,8.150501,79.736481
P0598,Puttalam,2026,-0.088007,8.150554,79.736998
P0598,Puttalam,2027,-0.091044,8.150554,79.736998
P0598,Puttalam,2028,-0.092451,8.150554,79.736998
P0598,Puttalam,2029,-0.092268,8.150554,79.736998
P0598,Puttalam,2030,-0.090639,8.150554,79.736998
P0599,Puttalam,2026,0.335768,8.150111,79.735888
P0599,Puttalam,2027,0.396382,8.150111,79.735888
P0599,Puttalam,2028,0.399147,8.150111,79.735888
P0599,Puttalam,2029,0.390087,8.150111,79.735888
P0599,Puttalam,2030,0.390521,8.150111,79.735888
P0600,Puttalam,2026,0.669103,8.149673,79.739834
P0600,Puttalam,2027,0.422693,8.149673,79.739834
P0600,Puttalam,2028,0.370512,8.149673,79.739834
P0600,Puttalam,2029,0.377291,8.149673,79.739834
P0600,Puttalam,2030,0.375846,8.149673,79.739834
P0601,Puttalam,2026,0.800703,8.149156,79.733257
P0601,Puttalam,2027,0.768905,8.149156,79.733257
P0601,Puttalam,2028,0.820086,8.149156,79.733257
P0601,Puttalam,2029,0.814878,8.149156,79.733257
P0601,Puttalam,2030,0.827639,8.149156,79.733257
P0602,Puttalam,2026,0.550657,8.148911,79.738276
P0602,Puttalam,2027,0.625215,8.148911,79.738276
P0602,Puttalam,2028,0.604788,8.148911,79.738276
P0602,Puttalam,2029,0.625597,8.148911,79.738276
P0602,Puttalam,2030,0.642167,8.148911,79.738276
P0603,Puttalam,2026,0.615946,8.147413,79.733953
P0603,Puttalam,2027,0.516382,8.147413,79.733953
P0603,Puttalam,2028,0.56226,8.147413,79.733953
P0603,Puttalam,2029,0.570756,8.147413,79.733953
P0603,Puttalam,2030,0.593214,8.147413,79.733953
P0604,Puttalam,2026,0.039556,8.147731,79.736039
P0604,Puttalam,2027,0.014461,8.147731,79.736039
P0604,Puttalam,2028,0.03765,8.147731,79.736039
P0604,Puttalam,2029,0.033956,8.147731,79.736039
P0604,Puttalam,2030,0.033842,8.147731,79.736039
P0605,Puttalam,2026,0.146846,8.145444,79.736111
P0605,Puttalam,2027,0.14191,8.145444,79.736111
P0605,Puttalam,2028,0.149161,8.145444,79.736111
P0605,Puttalam,2029,0.143133,8.145444,79.736111
P0605,Puttalam,2030,0.141264,8.145444,79.736111
P0606,Puttalam,2026,0.683926,8.145204,79.833107
P0606,Puttalam,2027,0.666376,8.145204,79.833107
P0606,Puttalam,2028,0.703326,8.145204,79.833107
P0606,Puttalam,2029,0.721863,8.145204,79.833107
P0606,Puttalam,2030,0.71603,8.145204,79.833107
P0607,Puttalam,2026,0.598077,8.142055,79.834651
P0607,Puttalam,2027,0.581938,8.142055,79.834651
P0607,Puttalam,2028,0.707975,8.142055,79.834651
P0607,Puttalam,2029,0.714538,8.142055,79.834651
P0607,Puttalam,2030,0.715572,8.142055,79.834651
P0608,Puttalam,2026,0.589649,8.129275,79.707039
P0608,Puttalam,2027,0.621861,8.129275,79.707039
P0608,Puttalam,2028,0.613466,8.129275,79.707039
P0608,Puttalam,2029,0.629386,8.129275,79.707039
P0608,Puttalam,2030,0.633722,8.129275,79.707039
P0609,Puttalam,2026,0.395833,8.128147,79.70713
P0609,Puttalam,2027,0.417671,8.128147,79.70713
P0609,Puttalam,2028,0.389703,8.128147,79.70713
P0609,Puttalam,2029,0.396698,8.128147,79.70713
P0609,Puttalam,2030,0.399723,8.128147,79.70713
P0610,Puttalam,2026,0.203213,8.122825,79.828779
P0610,Puttalam,2027,0.18523,8.122825,79.828779
P0610,Puttalam,2028,0.194702,8.122825,79.828779
P0610,Puttalam,2029,0.191155,8.122825,79.828779
P0610,Puttalam,2030,0.19364,8.122825,79.828779
P0611,Puttalam,2026,0.207266,8.122333,79.828223
P0611,Puttalam,2027,0.141822,8.122333,79.828223
P0611,Puttalam,2028,0.17237,8.122333,79.828223
P0611,Puttalam,2029,0.17629,8.122333,79.828223
P0611,Puttalam,2030,0.178517,8.122333,79.828223
P0612,Puttalam,2027,0.687319,8.122193,79.821364
P0612,Puttalam,2028,0.68899,8.122193,79.821364
P0612,Puttalam,2029,0.705904,8.122193,79.821364
P0612,Puttalam,2030,0.710191,8.122193,79.821364
P0613,Puttalam,2026,0.256064,8.121762,79.830842
P0613,Puttalam,2027,0.275447,8.121762,79.830842
P0613,Puttalam,2028,0.283552,8.121762,79.830842
P0613,Puttalam,2029,0.278558,8.121762,79.830842
P0613,Puttalam,2030,0.284969,8.121762,79.830842
P0614,Puttalam,2026,0.052503,8.121519,79.82737
P0614,Puttalam,2027,0.05754,8.121519,79.82737
P0614,Puttalam,2028,0.04179,8.121519,79.82737
P0614,Puttalam,2029,0.042684,8.121519,79.82737
P0614,Puttalam,2030,0.041955,8.121519,79.82737
P0615,Puttalam,2026,0.185257,8.121223,79.830332
P0615,Puttalam,2027,0.159224,8.121223,79.830332
P0615,Puttalam,2028,0.164316,8.121223,79.830332
P0615,Puttalam,2029,0.171485,8.121223,79.830332
P0615,Puttalam,2030,0.170691,8.121223,79.830332
P0616,Puttalam,2026,0.219615,8.121223,79.837221
P0616,Puttalam,2027,0.169051,8.121223,79.837221
P0616,Puttalam,2028,0.185367,8.121223,79.837221
P0616,Puttalam,2029,0.196988,8.121223,79.837221
P0616,Puttalam,2030,0.207602,8.121223,79.837221
P0617,Puttalam,2026,0.127003,8.121044,79.82909
P0617,Puttalam,2027,0.052752,8.121044,79.82909
P0617,Puttalam,2028,0.039589,8.121044,79.82909
P0617,Puttalam,2029,0.038311,8.121044,79.82909
P0617,Puttalam,2030,0.036571,8.121044,79.82909
P0618,Puttalam,2026,0.16408,8.121074,79.835149
P0618,Puttalam,2027,0.122615,8.121074,79.835149
P0618,Puttalam,2028,0.118112,8.121074,79.835149
P0618,Puttalam,2029,0.118156,8.121074,79.835149
P0618,Puttalam,2030,0.115705,8.121074,79.835149
P0619,Puttalam,2026,0.243787,8.12118,79.838492
P0619,Puttalam,2027,0.157873,8.12118,79.838492
P0619,Puttalam,2028,0.233473,8.12118,79.838492
P0619,Puttalam,2029,0.234582,8.12118,79.838492
P0619,Puttalam,2030,0.23227,8.12118,79.838492
P0620,Puttalam,2026,0.233166,8.120689,79.837265
P0620,Puttalam,2027,0.174801,8.120689,79.837265
P0620,Puttalam,2028,0.163509,8.120689,79.837265
P0620,Puttalam,2029,0.163521,8.120689,79.837265
P0620,Puttalam,2030,0.165248,8.120689,79.837265
P0621,Puttalam,2026,0.04418,8.120556,79.829222
P0621,Puttalam,2027,-0.007037,8.120556,79.829222
P0621,Puttalam,2028,0.046485,8.120556,79.829222
P0621,Puttalam,2029,0.047858,8.120556,79.829222
P0621,Puttalam,2030,0.047984,8.120556,79.829222
P0622,Puttalam,2026,0.130933,8.120168,79.830056
P0622,Puttalam,2027,-0.026711,8.120168,79.830056
P0622,Puttalam,2028,0.0241,8.120168,79.830056
P0622,Puttalam,2029,0.016464,8.120168,79.830056
P0622,Puttalam,2030,0.005212,8.120168,79.830056
P0623,Puttalam,2026,0.286299,8.119889,79.830555
P0623,Puttalam,2027,0.183579,8.119889,79.830555
P0623,Puttalam,2028,0.252819,8.119889,79.830555
P0623,Puttalam,2029,0.263922,8.119889,79.830555
P0623,Puttalam,2030,0.274055,8.119889,79.830555
P0624,Puttalam,2026,0.517219,8.119733,79.841134
P0624,Puttalam,2027,0.607606,8.119733,79.841134
P0624,Puttalam,2028,0.531355,8.119733,79.841134
P0624,Puttalam,2029,0.533481,8.119733,79.841134
P0624,Puttalam,2030,0.581665,8.119733,79.841134
P0625,Puttalam,2027,0.032889,8.118389,79.829723
P0625,Puttalam,2028,0.031813,8.118389,79.829723
P0625,Puttalam,2029,0.013678,8.118389,79.829723
P0625,Puttalam,2030,0.002906,8.118389,79.829723
P0626,Puttalam,2026,0.255367,8.117592,79.830148
P0626,Puttalam,2027,0.212344,8.117592,79.830148
P0626,Puttalam,2028,0.22754,8.117592,79.830148
P0626,Puttalam,2029,0.25921,8.117592,79.830148
P0626,Puttalam,2030,0.337192,8.117592,79.830148
P0627,Puttalam,2026,0.374078,8.117297,79.833742
P0627,Puttalam,2027,0.278955,8.117297,79.833742
P0627,Puttalam,2028,0.409963,8.117297,79.833742
P0627,Puttalam,2029,0.415764,8.117297,79.833742
P0627,Puttalam,2030,0.416712,8.117297,79.833742
P0628,Puttalam,2026,0.321384,8.117748,79.831291
P0628,Puttalam,2027,0.426736,8.117748,79.831291
P0628,Puttalam,2028,0.284167,8.117748,79.831291
P0628,Puttalam,2029,0.277197,8.117748,79.831291
P0628,Puttalam,2030,0.322578,8.117748,79.831291
P0629,Puttalam,2027,0.232245,8.116945,79.830279
P0629,Puttalam,2028,0.191512,8.116945,79.830279
P0629,Puttalam,2029,0.192126,8.116945,79.830279
P0629,Puttalam,2030,0.195767,8.116945,79.830279
P0630,Puttalam,2026,0.21066,8.116333,79.829944
P0630,Puttalam,2027,0.19446,8.116333,79.829944
P0630,Puttalam,2028,0.17636,8.116333,79.829944
P0630,Puttalam,2029,0.177452,8.116333,79.829944
P0630,Puttalam,2030,0.180699,8.116333,79.829944
P0631,Puttalam,2026,0.209601,8.116333,79.828223
P0631,Puttalam,2027,0.11834,8.116333,79.828223
P0631,Puttalam,2028,0.128066,8.116333,79.828223
P0631,Puttalam,2029,0.126479,8.116333,79.828223
P0631,Puttalam,2030,0.121211,8.116333,79.828223
P0632,Puttalam,2026,0.244586,8.115778,79.828666
P0632,Puttalam,2027,0.187412,8.115778,79.828666
P0632,Puttalam,2028,0.228416,8.115778,79.828666
P0632,Puttalam,2029,0.231383,8.115778,79.828666
P0632,Puttalam,2030,0.227142,8.115778,79.828666
P0633,Puttalam,2026,0.239922,8.115555,79.838777
P0633,Puttalam,2027,0.308542,8.115555,79.838777
P0633,Puttalam,2028,0.259981,8.115555,79.838777
P0633,Puttalam,2029,0.235251,8.115555,79.838777
P0633,Puttalam,2030,0.281664,8.115555,79.838777
P0634,Puttalam,2026,0.378409,8.115444,79.831888
P0634,Puttalam,2027,0.326618,8.115444,79.831888
P0634,Puttalam,2028,0.351262,8.115444,79.831888
P0634,Puttalam,2029,0.330822,8.115444,79.831888
P0634,Puttalam,2030,0.374078,8.115444,79.831888
P0635,Puttalam,2026,0.222761,8.115423,79.830919
P0635,Puttalam,2027,0.245353,8.115423,79.830919
P0635,Puttalam,2028,0.260708,8.115423,79.830919
P0635,Puttalam,2029,0.256154,8.115423,79.830919
P0635,Puttalam,2030,0.254158,8.115423,79.830919
P0636,Puttalam,2026,0.413062,8.115221,79.832557
P0636,Puttalam,2027,0.431118,8.115221,79.832557
P0636,Puttalam,2028,0.46566,8.115221,79.832557
P0636,Puttalam,2029,0.483379,8.115221,79.832557
P0636,Puttalam,2030,0.47504,8.115221,79.832557
P0637,Puttalam,2026,0.417919,8.114698,79.836758
P0637,Puttalam,2027,0.346874,8.114698,79.836758
P0637,Puttalam,2028,0.381878,8.114698,79.836758
P0637,Puttalam,2029,0.381054,8.114698,79.836758
P0637,Puttalam,2030,0.381004,8.114698,79.836758
P0638,Puttalam,2026,0.229805,8.114779,79.828
P0638,Puttalam,2027,0.304121,8.114779,79.828
P0638,Puttalam,2028,0.094184,8.114779,79.828
P0638,Puttalam,2029,0.103682,8.114779,79.828
P0638,Puttalam,2030,0.173171,8.114779,79.828
P0639,Puttalam,2026,0.240676,8.114779,79.831224
P0639,Puttalam,2027,0.182756,8.114779,79.831224
P0639,Puttalam,2028,0.161032,8.114779,79.831224
P0639,Puttalam,2029,0.157084,8.114779,79.831224
P0639,Puttalam,2030,0.192646,8.114779,79.831224
P0640,Puttalam,2026,0.203151,8.114519,79.82963
P0640,Puttalam,2027,0.21707,8.114519,79.82963
P0640,Puttalam,2028,0.17893,8.114519,79.82963
P0640,Puttalam,2029,0.176251,8.114519,79.82963
P0640,Puttalam,2030,0.173763,8.114519,79.82963
P0641,Puttalam,2026,0.483505,8.114556,79.839
P0641,Puttalam,2027,0.602471,8.114556,79.839
P0641,Puttalam,2028,0.502188,8.114556,79.839
P0641,Puttalam,2029,0.53555,8.114556,79.839
P0641,Puttalam,2030,0.555904,8.114556,79.839
P0642,Puttalam,2027,0.186006,8.113852,79.83037
P0642,Puttalam,2028,0.154258,8.113852,79.83037
P0642,Puttalam,2029,0.152094,8.113852,79.83037
P0642,Puttalam,2030,0.149971,8.113852,79.83037
P0643,Puttalam,2026,0.202496,8.113312,79.830956
P0643,Puttalam,2027,0.071435,8.113312,79.830956
P0643,Puttalam,2028,0.094843,8.113312,79.830956
P0643,Puttalam,2029,0.090392,8.113312,79.830956
P0643,Puttalam,2030,0.091539,8.113312,79.830956
P0644,Puttalam,2026,0.267378,8.113297,79.832852
P0644,Puttalam,2027,0.187175,8.113297,79.832852
P0644,Puttalam,2028,0.168393,8.113297,79.832852
P0644,Puttalam,2029,0.168511,8.113297,79.832852
P0644,Puttalam,2030,0.168685,8.113297,79.832852
P0645,Puttalam,2026,0.740778,8.113334,79.838111
P0645,Puttalam,2027,0.544948,8.113334,79.838111
P0645,Puttalam,2028,0.714744,8.113334,79.838111
P0645,Puttalam,2029,0.718015,8.113334,79.838111
P0645,Puttalam,2030,0.717085,8.113334,79.838111
P0646,Puttalam,2027,0.129063,8.113223,79.823666
P0646,Puttalam,2028,0.131157,8.113223,79.823666
P0646,Puttalam,2029,0.130308,8.113223,79.823666
P0646,Puttalam,2030,0.129518,8.113223,79.823666
P0647,Puttalam,2026,0.191084,8.113,79.831444
P0647,Puttalam,2027,0.037688,8.113,79.831444
P0647,Puttalam,2028,0.133978,8.113,79.831444
P0647,Puttalam,2029,0.135922,8.113,79.831444
P0647,Puttalam,2030,0.135199,8.113,79.831444
P0648,Puttalam,2026,0.216329,8.112333,79.824688
P0648,Puttalam,2027,0.165876,8.112333,79.824688
P0648,Puttalam,2028,0.166649,8.112333,79.824688
P0648,Puttalam,2029,0.172716,8.112333,79.824688
P0648,Puttalam,2030,0.177124,8.112333,79.824688
P0649,Puttalam,2026,0.214448,8.112396,79.831667
P0649,Puttalam,2027,0.166419,8.112396,79.831667
P0649,Puttalam,2028,0.152322,8.112396,79.831667
P0649,Puttalam,2029,0.150948,8.112396,79.831667
P0649,Puttalam,2030,0.15053,8.112396,79.831667
P0650,Puttalam,2026,0.344045,8.111794,79.837508
P0650,Puttalam,2027,0.378562,8.111794,79.837508
P0650,Puttalam,2028,0.362863,8.111794,79.837508
P0650,Puttalam,2029,0.362415,8.111794,79.837508
P0650,Puttalam,2030,0.357804,8.111794,79.837508
P0651,Puttalam,2027,0.460953,8.111,79.831888
P0651,Puttalam,2028,0.468204,8.111,79.831888
P0651,Puttalam,2029,0.471896,8.111,79.831888
P0651,Puttalam,2030,0.486399,8.111,79.831888
P0652,Puttalam,2026,0.450815,8.111036,79.835945
P0652,Puttalam,2027,0.505301,8.111036,79.835945
P0652,Puttalam,2028,0.528759,8.111036,79.835945
P0652,Puttalam,2029,0.533565,8.111036,79.835945
P0652,Puttalam,2030,0.539065,8.111036,79.835945
P0653,Puttalam,2026,0.247584,8.110055,79.835082
P0653,Puttalam,2027,0.276231,8.110055,79.835082
P0653,Puttalam,2028,0.425778,8.110055,79.835082
P0653,Puttalam,2029,0.431172,8.110055,79.835082
P0653,Puttalam,2030,0.440762,8.110055,79.835082
P0654,Puttalam,2026,0.124045,8.108554,79.834555
P0654,Puttalam,2027,0.132412,8.108554,79.834555
P0654,Puttalam,2028,0.158522,8.108554,79.834555
P0654,Puttalam,2029,0.150269,8.108554,79.834555
P0654,Puttalam,2030,0.128965,8.108554,79.834555
P0655,Puttalam,2026,0.469536,8.107404,79.734575
P0655,Puttalam,2027,0.571817,8.107404,79.734575
P0655,Puttalam,2028,0.566308,8.107404,79.734575
P0655,Puttalam,2029,0.558711,8.107404,79.734575
P0655,Puttalam,2030,0.620063,8.107404,79.734575
P0656,Puttalam,2026,0.270903,8.10707,79.823752
P0656,Puttalam,2027,0.301894,8.10707,79.823752
P0656,Puttalam,2028,0.272308,8.10707,79.823752
P0656,Puttalam,2029,0.276758,8.10707,79.823752
P0656,Puttalam,2030,0.277071,8.10707,79.823752
P0657,Puttalam,2026,0.244245,8.106445,79.826557
P0657,Puttalam,2027,0.271936,8.106445,79.826557
P0657,Puttalam,2028,0.268319,8.106445,79.826557
P0657,Puttalam,2029,0.270005,8.106445,79.826557
P0657,Puttalam,2030,0.262182,8.106445,79.826557
P0658,Puttalam,2026,0.274786,8.106245,79.8234
P0658,Puttalam,2027,0.301919,8.106245,79.8234
P0658,Puttalam,2028,0.35096,8.106245,79.8234
P0658,Puttalam,2029,0.340399,8.106245,79.8234
P0658,Puttalam,2030,0.340634,8.106245,79.8234
P0659,Puttalam,2026,0.364069,8.105667,79.827556
P0659,Puttalam,2027,0.338234,8.105667,79.827556
P0659,Puttalam,2028,0.324615,8.105667,79.827556
P0659,Puttalam,2029,0.247435,8.105667,79.827556
P0659,Puttalam,2030,0.25172,8.105667,79.827556
P0660,Puttalam,2026,0.609086,8.105592,79.82826
P0660,Puttalam,2027,0.669248,8.105592,79.82826
P0660,Puttalam,2028,0.643636,8.105592,79.82826
P0660,Puttalam,2029,0.66915,8.105592,79.82826
P0660,Puttalam,2030,0.678504,8.105592,79.82826
P0661,Puttalam,2026,0.727596,8.105171,79.821148
P0661,Puttalam,2027,0.80287,8.105171,79.821148
P0661,Puttalam,2028,0.771114,8.105171,79.821148
P0661,Puttalam,2029,0.807299,8.105171,79.821148
P0661,Puttalam,2030,0.809472,8.105171,79.821148
P0662,Puttalam,2026,0.297782,8.10461,79.832167
P0662,Puttalam,2027,0.27633,8.10461,79.832167
P0662,Puttalam,2028,0.307691,8.10461,79.832167
P0662,Puttalam,2029,0.295515,8.10461,79.832167
P0662,Puttalam,2030,0.283415,8.10461,79.832167
P0663,Puttalam,2026,0.32288,8.104068,79.824422
P0663,Puttalam,2027,0.299276,8.104068,79.824422
P0663,Puttalam,2028,0.311726,8.104068,79.824422
P0663,Puttalam,2029,0.311862,8.104068,79.824422
P0663,Puttalam,2030,0.309446,8.104068,79.824422
P0664,Puttalam,2026,0.24387,8.104031,79.8233
P0664,Puttalam,2027,0.366131,8.104031,79.8233
P0664,Puttalam,2028,0.47236,8.104031,79.8233
P0664,Puttalam,2029,0.470672,8.104031,79.8233
P0664,Puttalam,2030,0.467173,8.104031,79.8233
P0665,Puttalam,2026,0.55128,8.103049,79.830704
P0665,Puttalam,2027,0.618395,8.103049,79.830704
P0665,Puttalam,2028,0.613911,8.103049,79.830704
P0665,Puttalam,2029,0.627528,8.103049,79.830704
P0665,Puttalam,2030,0.638427,8.103049,79.830704
P0666,Puttalam,2026,0.658014,8.102238,79.836396
P0666,Puttalam,2027,0.673017,8.102238,79.836396
P0666,Puttalam,2028,0.623014,8.102238,79.836396
P0666,Puttalam,2029,0.665749,8.102238,79.836396
P0666,Puttalam,2030,0.659354,8.102238,79.836396
P0667,Puttalam,2026,0.543712,8.102388,79.835118
P0667,Puttalam,2027,0.524801,8.102388,79.835118
P0667,Puttalam,2028,0.470246,8.102388,79.835118
P0667,Puttalam,2029,0.506537,8.102388,79.835118
P0667,Puttalam,2030,0.568794,8.102388,79.835118
P0668,Puttalam,2026,0.721107,8.101665,79.824
P0668,Puttalam,2027,0.771348,8.101665,79.824
P0668,Puttalam,2028,0.71392,8.101665,79.824
P0668,Puttalam,2029,0.721602,8.101665,79.824
P0668,Puttalam,2030,0.757381,8.101665,79.824
P0669,Puttalam,2026,0.697222,8.101333,79.835224
P0669,Puttalam,2027,0.650998,8.101333,79.835224
P0669,Puttalam,2028,0.675961,8.101333,79.835224
P0669,Puttalam,2029,0.655634,8.101333,79.835224
P0669,Puttalam,2030,0.705257,8.101333,79.835224
P0670,Puttalam,2026,0.313111,8.101035,79.836735
P0670,Puttalam,2027,0.282415,8.101035,79.836735
P0670,Puttalam,2028,0.278618,8.101035,79.836735
P0670,Puttalam,2029,0.275171,8.101035,79.836735
P0670,Puttalam,2030,0.274409,8.101035,79.836735
P0671,Puttalam,2026,0.25979,8.100778,79.837444
P0671,Puttalam,2027,0.200272,8.100778,79.837444
P0671,Puttalam,2028,0.209736,8.100778,79.837444
P0671,Puttalam,2029,0.208149,8.100778,79.837444
P0671,Puttalam,2030,0.207914,8.100778,79.837444
P0672,Puttalam,2026,0.338896,8.100111,79.832334
P0672,Puttalam,2027,0.289179,8.100111,79.832334
P0672,Puttalam,2028,0.36338,8.100111,79.832334
P0672,Puttalam,2029,0.363367,8.100111,79.832334
P0672,Puttalam,2030,0.362648,8.100111,79.832334
P0673,Puttalam,2026,0.797568,8.102631,79.734282
P0673,Puttalam,2027,0.794472,8.102631,79.734282
P0673,Puttalam,2028,0.812951,8.102631,79.734282
P0673,Puttalam,2029,0.814352,8.102631,79.734282
P0673,Puttalam,2030,0.814798,8.102631,79.734282
P0674,Puttalam,2026,0.657795,8.099,79.817793
P0674,Puttalam,2027,0.644878,8.099,79.817793
P0674,Puttalam,2028,0.6312,8.099,79.817793
P0674,Puttalam,2029,0.668847,8.099,79.817793
P0674,Puttalam,2030,0.677955,8.099,79.817793
P0675,Puttalam,2026,0.419148,8.098867,79.83358
P0675,Puttalam,2027,0.39878,8.098867,79.83358
P0675,Puttalam,2028,0.382547,8.098867,79.83358
P0675,Puttalam,2029,0.416109,8.098867,79.83358
P0675,Puttalam,2030,0.435765,8.098867,79.83358
P0676,Puttalam,2026,0.27766,8.098166,79.833907
P0676,Puttalam,2027,0.277772,8.098166,79.833907
P0676,Puttalam,2028,0.280446,8.098166,79.833907
P0676,Puttalam,2029,0.282672,8.098166,79.833907
P0676,Puttalam,2030,0.284191,8.098166,79.833907
P0677,Puttalam,2026,0.346626,8.098816,79.835978
P0677,Puttalam,2027,0.281579,8.098816,79.835978
P0677,Puttalam,2028,0.355512,8.098816,79.835978
P0677,Puttalam,2029,0.3644,8.098816,79.835978
P0677,Puttalam,2030,0.366206,8.098816,79.835978
P0678,Puttalam,2026,0.298838,8.097444,79.834889
P0678,Puttalam,2027,0.324324,8.097444,79.834889
P0678,Puttalam,2028,0.265944,8.097444,79.834889
P0678,Puttalam,2029,0.253648,8.097444,79.834889
P0678,Puttalam,2030,0.263931,8.097444,79.834889
P0679,Puttalam,2026,0.137392,8.096778,79.824468
P0679,Puttalam,2027,0.148872,8.096778,79.824468
P0679,Puttalam,2028,0.14019,8.096778,79.824468
P0679,Puttalam,2029,0.13935,8.096778,79.824468
P0679,Puttalam,2030,0.136983,8.096778,79.824468
P0680,Puttalam,2026,0.750392,8.096111,79.814718
P0680,Puttalam,2027,0.753827,8.096111,79.814718
P0680,Puttalam,2028,0.751913,8.096111,79.814718
P0680,Puttalam,2029,0.760565,8.096111,79.814718
P0680,Puttalam,2030,0.772469,8.096111,79.814718
P0681,Puttalam,2026,0.55998,8.096111,79.825445
P0681,Puttalam,2027,0.505955,8.096111,79.825445
P0681,Puttalam,2028,0.484628,8.096111,79.825445
P0681,Puttalam,2029,0.490897,8.096111,79.825445
P0681,Puttalam,2030,0.499557,8.096111,79.825445
P0682,Puttalam,2026,0.802893,8.095805,79.813034
P0682,Puttalam,2027,0.762193,8.095805,79.813034
P0682,Puttalam,2028,0.808089,8.095805,79.813034
P0682,Puttalam,2029,0.807763,8.095805,79.813034
P0682,Puttalam,2030,0.824219,8.095805,79.813034
P0683,Puttalam,2026,0.512337,8.095593,79.825073
P0683,Puttalam,2027,0.518899,8.095593,79.825073
P0683,Puttalam,2028,0.513489,8.095593,79.825073
P0683,Puttalam,2029,0.515741,8.095593,79.825073
P0683,Puttalam,2030,0.528045,8.095593,79.825073
P0684,Puttalam,2026,0.487308,8.111844,79.828163
P0684,Puttalam,2027,0.499829,8.111844,79.828163
P0684,Puttalam,2028,0.511839,8.111844,79.828163
P0684,Puttalam,2029,0.510372,8.111844,79.828163
P0684,Puttalam,2030,0.512995,8.111844,79.828163
P0685,Puttalam,2026,0.194646,8.095521,79.823602
P0685,Puttalam,2027,0.207176,8.095521,79.823602
P0685,Puttalam,2028,0.213882,8.095521,79.823602
P0685,Puttalam,2029,0.210522,8.095521,79.823602
P0685,Puttalam,2030,0.211884,8.095521,79.823602
P0686,Puttalam,2026,0.593192,8.094778,79.827445
P0686,Puttalam,2027,0.526659,8.094778,79.827445
P0686,Puttalam,2028,0.532227,8.094778,79.827445
P0686,Puttalam,2029,0.540382,8.094778,79.827445
P0686,Puttalam,2030,0.556332,8.094778,79.827445
P0687,Puttalam,2026,0.6502,8.095146,79.832798
P0687,Puttalam,2027,0.69393,8.095146,79.832798
P0687,Puttalam,2028,0.656689,8.095146,79.832798
P0687,Puttalam,2029,0.666412,8.095146,79.832798
P0687,Puttalam,2030,0.683944,8.095146,79.832798
P0688,Puttalam,2026,0.316273,8.09426,79.820186
P0688,Puttalam,2027,0.209069,8.09426,79.820186
P0688,Puttalam,2028,0.164703,8.09426,79.820186
P0688,Puttalam,2029,0.173858,8.09426,79.820186
P0688,Puttalam,2030,0.171306,8.09426,79.820186
P0689,Puttalam,2026,0.342729,8.094223,79.820999
P0689,Puttalam,2027,0.169068,8.094223,79.820999
P0689,Puttalam,2028,0.218319,8.094223,79.820999
P0689,Puttalam,2029,0.226053,8.094223,79.820999
P0689,Puttalam,2030,0.223227,8.094223,79.820999
P0690,Puttalam,2026,0.679289,8.094517,79.82585
P0690,Puttalam,2027,0.625187,8.094517,79.82585
P0690,Puttalam,2028,0.648605,8.094517,79.82585
P0690,Puttalam,2029,0.645426,8.094517,79.82585
P0690,Puttalam,2030,0.641762,8.094517,79.82585
P0691,Puttalam,2026,0.488104,8.09416,79.827717
P0691,Puttalam,2027,0.46535,8.09416,79.827717
P0691,Puttalam,2028,0.4984,8.09416,79.827717
P0691,Puttalam,2029,0.494228,8.09416,79.827717
P0691,Puttalam,2030,0.493777,8.09416,79.827717
P0692,Puttalam,2026,0.663644,8.093888,79.826
P0692,Puttalam,2027,0.602346,8.093888,79.826
P0692,Puttalam,2028,0.648458,8.093888,79.826
P0692,Puttalam,2029,0.646606,8.093888,79.826
P0692,Puttalam,2030,0.650536,8.093888,79.826
P0693,Puttalam,2026,0.551495,8.093811,79.830363
P0693,Puttalam,2027,0.546982,8.093811,79.830363
P0693,Puttalam,2028,0.475484,8.093811,79.830363
P0693,Puttalam,2029,0.475119,8.093811,79.830363
P0693,Puttalam,2030,0.481864,8.093811,79.830363
P0694,Puttalam,2026,0.602787,8.093888,79.831001
P0694,Puttalam,2027,0.538844,8.093888,79.831001
P0694,Puttalam,2028,0.554769,8.093888,79.831001
P0694,Puttalam,2029,0.559491,8.093888,79.831001
P0694,Puttalam,2030,0.553153,8.093888,79.831001
P0695,Puttalam,2026,0.677706,8.093665,79.826555
P0695,Puttalam,2027,0.609061,8.093665,79.826555
P0695,Puttalam,2028,0.663534,8.093665,79.826555
P0695,Puttalam,2029,0.679853,8.093665,79.826555
P0695,Puttalam,2030,0.70775,8.093665,79.826555
P0696,Puttalam,2026,0.047973,8.093333,79.819778
P0696,Puttalam,2027,0.12262,8.093333,79.819778
P0696,Puttalam,2028,0.042425,8.093333,79.819778
P0696,Puttalam,2029,0.031421,8.093333,79.819778
P0696,Puttalam,2030,0.017998,8.093333,79.819778
P0697,Puttalam,2026,0.670455,8.09337,79.825742
P0697,Puttalam,2027,0.648305,8.09337,79.825742
P0697,Puttalam,2028,0.649602,8.09337,79.825742
P0697,Puttalam,2029,0.670371,8.09337,79.825742
P0697,Puttalam,2030,0.669952,8.09337,79.825742
P0698,Puttalam,2026,0.683856,8.093224,79.826332
P0698,Puttalam,2027,0.574171,8.093224,79.826332
P0698,Puttalam,2028,0.647334,8.093224,79.826332
P0698,Puttalam,2029,0.655778,8.093224,79.826332
P0698,Puttalam,2030,0.664177,8.093224,79.826332
P0699,Puttalam,2026,0.036717,8.092666,79.819629
P0699,Puttalam,2027,-0.05492,8.092666,79.819629
P0699,Puttalam,2028,-0.006962,8.092666,79.819629
P0699,Puttalam,2029,-0.002563,8.092666,79.819629
P0699,Puttalam,2030,0.009531,8.092666,79.819629
P0700,Puttalam,2026,0.720131,8.092852,79.825296
P0700,Puttalam,2027,0.657267,8.092852,79.825296
P0700,Puttalam,2028,0.681176,8.092852,79.825296
P0700,Puttalam,2029,0.692747,8.092852,79.825296
P0700,Puttalam,2030,0.702355,8.092852,79.825296
P0701,Puttalam,2026,0.701399,8.092778,79.826111
P0701,Puttalam,2027,0.60809,8.092778,79.826111
P0701,Puttalam,2028,0.677484,8.092778,79.826111
P0701,Puttalam,2029,0.682905,8.092778,79.826111
P0701,Puttalam,2030,0.693056,8.092778,79.826111
P0702,Puttalam,2026,0.122879,8.092332,79.820999
P0702,Puttalam,2027,0.073694,8.092332,79.820999
P0702,Puttalam,2028,0.047403,8.092332,79.820999
P0702,Puttalam,2029,0.038554,8.092332,79.820999
P0702,Puttalam,2030,0.038833,8.092332,79.820999
P0703,Puttalam,2026,0.662829,8.093153,79.823858
P0703,Puttalam,2027,0.68299,8.093153,79.823858
P0703,Puttalam,2028,0.698018,8.093153,79.823858
P0703,Puttalam,2029,0.709032,8.093153,79.823858
P0703,Puttalam,2030,0.726678,8.093153,79.823858
P0704,Puttalam,2026,0.237654,8.088555,79.810001
P0704,Puttalam,2027,0.217553,8.088555,79.810001
P0704,Puttalam,2028,0.219207,8.088555,79.810001
P0704,Puttalam,2029,0.21853,8.088555,79.810001
P0704,Puttalam,2030,0.216597,8.088555,79.810001
P0705,Puttalam,2026,0.524552,8.088555,79.811334
P0705,Puttalam,2027,0.49055,8.088555,79.811334
P0705,Puttalam,2028,0.490393,8.088555,79.811334
P0705,Puttalam,2029,0.489019,8.088555,79.811334
P0705,Puttalam,2030,0.48952,8.088555,79.811334
P0706,Puttalam,2026,0.260414,8.087991,79.808077
P0706,Puttalam,2027,0.195481,8.087991,79.808077
P0706,Puttalam,2028,0.246428,8.087991,79.808077
P0706,Puttalam,2029,0.270161,8.087991,79.808077
P0706,Puttalam,2030,0.281415,8.087991,79.808077
P0707,Puttalam,2026,0.688987,8.087445,79.812335
P0707,Puttalam,2027,0.652691,8.087445,79.812335
P0707,Puttalam,2028,0.67457,8.087445,79.812335
P0707,Puttalam,2029,0.670303,8.087445,79.812335
P0707,Puttalam,2030,0.67575,8.087445,79.812335
P0708,Puttalam,2027,0.748536,8.086595,79.791431
P0708,Puttalam,2028,0.757816,8.086595,79.791431
P0708,Puttalam,2029,0.758058,8.086595,79.791431
P0708,Puttalam,2030,0.758058,8.086595,79.791431
P0709,Puttalam,2026,0.087966,8.086167,79.807834
P0709,Puttalam,2027,0.107672,8.086167,79.807834
P0709,Puttalam,2028,0.113741,8.086167,79.807834
P0709,Puttalam,2029,0.112899,8.086167,79.807834
P0709,Puttalam,2030,0.109475,8.086167,79.807834
P0710,Puttalam,2026,0.040101,8.085921,79.807352
P0710,Puttalam,2027,0.051444,8.085921,79.807352
P0710,Puttalam,2028,0.047868,8.085921,79.807352
P0710,Puttalam,2029,0.054131,8.085921,79.807352
P0710,Puttalam,2030,0.057359,8.085921,79.807352
P0711,Puttalam,2026,-0.001255,8.085666,79.804554
P0711,Puttalam,2027,0.044979,8.085666,79.804554
P0711,Puttalam,2028,-0.032274,8.085666,79.804554
P0711,Puttalam,2029,-0.040939,8.085666,79.804554
P0711,Puttalam,2030,-0.052482,8.085666,79.804554
P0712,Puttalam,2026,0.128219,8.085443,79.805666
P0712,Puttalam,2027,0.016664,8.085443,79.805666
P0712,Puttalam,2028,-0.053346,8.085443,79.805666
P0712,Puttalam,2029,-0.066949,8.085443,79.805666
P0712,Puttalam,2030,-0.074337,8.085443,79.805666
P0713,Puttalam,2026,0.402456,8.085088,79.826511
P0713,Puttalam,2027,0.406801,8.085088,79.826511
P0713,Puttalam,2028,0.416863,8.085088,79.826511
P0713,Puttalam,2029,0.438162,8.085088,79.826511
P0713,Puttalam,2030,0.444188,8.085088,79.826511
P0714,Puttalam,2026,0.142564,8.084888,79.806022
P0714,Puttalam,2027,0.087607,8.084888,79.806022
P0714,Puttalam,2028,0.037928,8.084888,79.806022
P0714,Puttalam,2029,0.032984,8.084888,79.806022
P0714,Puttalam,2030,0.035844,8.084888,79.806022
P0715,Puttalam,2026,0.666205,8.084302,79.793062
P0715,Puttalam,2027,0.575093,8.084302,79.793062
P0715,Puttalam,2028,0.6406,8.084302,79.793062
P0715,Puttalam,2029,0.635521,8.084302,79.793062
P0715,Puttalam,2030,0.670864,8.084302,79.793062
P0716,Puttalam,2026,0.274868,8.084332,79.814779
P0716,Puttalam,2027,0.249436,8.084332,79.814779
P0716,Puttalam,2028,0.2613,8.084332,79.814779
P0716,Puttalam,2029,0.26047,8.084332,79.814779
P0716,Puttalam,2030,0.256494,8.084332,79.814779
P0717,Puttalam,2026,0.362143,8.084407,79.820925
P0717,Puttalam,2027,0.43101,8.084407,79.820925
P0717,Puttalam,2028,0.422061,8.084407,79.820925
P0717,Puttalam,2029,0.431828,8.084407,79.820925
P0717,Puttalam,2030,0.433665,8.084407,79.820925
P0718,Puttalam,2026,0.228095,8.083889,79.815111
P0718,Puttalam,2027,0.273269,8.083889,79.815111
P0718,Puttalam,2028,0.25081,8.083889,79.815111
P0718,Puttalam,2029,0.274806,8.083889,79.815111
P0718,Puttalam,2030,0.275491,8.083889,79.815111
P0719,Puttalam,2026,0.331667,8.083307,79.801243
P0719,Puttalam,2027,0.262871,8.083307,79.801243
P0719,Puttalam,2028,0.200031,8.083307,79.801243
P0719,Puttalam,2029,0.181784,8.083307,79.801243
P0719,Puttalam,2030,0.191754,8.083307,79.801243
P0720,Puttalam,2026,0.070466,8.084063,79.803416
P0720,Puttalam,2027,0.059056,8.084063,79.803416
P0720,Puttalam,2028,-0.026798,8.084063,79.803416
P0720,Puttalam,2029,-0.022402,8.084063,79.803416
P0720,Puttalam,2030,-0.023213,8.084063,79.803416
P0721,Puttalam,2026,0.15048,8.083147,79.805741
P0721,Puttalam,2027,0.118196,8.083147,79.805741
P0721,Puttalam,2028,0.084339,8.083147,79.805741
P0721,Puttalam,2029,0.083542,8.083147,79.805741
P0721,Puttalam,2030,0.085274,8.083147,79.805741
P0722,Puttalam,2026,0.211806,8.082555,79.815777
P0722,Puttalam,2027,0.180527,8.082555,79.815777
P0722,Puttalam,2028,0.196516,8.082555,79.815777
P0722,Puttalam,2029,0.196006,8.082555,79.815777
P0722,Puttalam,2030,0.190942,8.082555,79.815777
P0723,Puttalam,2026,0.159069,8.082335,79.805223
P0723,Puttalam,2027,0.150725,8.082335,79.805223
P0723,Puttalam,2028,0.146908,8.082335,79.805223
P0723,Puttalam,2029,0.152234,8.082335,79.805223
P0723,Puttalam,2030,0.160283,8.082335,79.805223
P0724,Puttalam,2026,0.161378,8.082112,79.800556
P0724,Puttalam,2027,0.070725,8.082112,79.800556
P0724,Puttalam,2028,-0.003554,8.082112,79.800556
P0724,Puttalam,2029,-0.020453,8.082112,79.800556
P0724,Puttalam,2030,-0.02819,8.082112,79.800556
P0725,Puttalam,2026,0.114978,8.081889,79.815666
P0725,Puttalam,2027,0.092738,8.081889,79.815666
P0725,Puttalam,2028,0.097924,8.081889,79.815666
P0725,Puttalam,2029,0.088603,8.081889,79.815666
P0725,Puttalam,2030,0.09079,8.081889,79.815666
P0726,Puttalam,2026,0.535277,8.081666,79.816556
P0726,Puttalam,2027,0.524673,8.081666,79.816556
P0726,Puttalam,2028,0.471346,8.081666,79.816556
P0726,Puttalam,2029,0.510317,8.081666,79.816556
P0726,Puttalam,2030,0.522796,8.081666,79.816556
P0727,Puttalam,2026,0.361752,8.082466,79.813629
P0727,Puttalam,2027,0.325859,8.082466,79.813629
P0727,Puttalam,2028,0.335419,8.082466,79.813629
P0727,Puttalam,2029,0.328945,8.082466,79.813629
P0727,Puttalam,2030,0.322688,8.082466,79.813629
P0728,Puttalam,2026,0.149602,8.081592,79.801372
P0728,Puttalam,2027,0.013362,8.081592,79.801372
P0728,Puttalam,2028,0.029273,8.081592,79.801372
P0728,Puttalam,2029,0.038891,8.081592,79.801372
P0728,Puttalam,2030,0.049347,8.081592,79.801372
P0729,Puttalam,2026,-0.064322,8.081764,79.802752
P0729,Puttalam,2027,0.017021,8.081764,79.802752
P0729,Puttalam,2028,-0.066893,8.081764,79.802752
P0729,Puttalam,2029,-0.069272,8.081764,79.802752
P0729,Puttalam,2030,-0.071309,8.081764,79.802752
P0730,Puttalam,2026,0.573303,8.081443,79.824111
P0730,Puttalam,2027,0.497127,8.081443,79.824111
P0730,Puttalam,2028,0.497049,8.081443,79.824111
P0730,Puttalam,2029,0.496234,8.081443,79.824111
P0730,Puttalam,2030,0.49694,8.081443,79.824111
P0731,Puttalam,2026,-0.015671,8.08089,79.802777
P0731,Puttalam,2027,-0.021419,8.08089,79.802777
P0731,Puttalam,2028,-0.071745,8.08089,79.802777
P0731,Puttalam,2029,-0.063697,8.08089,79.802777
P0731,Puttalam,2030,-0.061236,8.08089,79.802777
P0732,Puttalam,2026,0.480686,8.080422,79.82651
P0732,Puttalam,2027,0.476576,8.080422,79.82651
P0732,Puttalam,2028,0.533378,8.080422,79.82651
P0732,Puttalam,2029,0.532547,8.080422,79.82651
P0732,Puttalam,2030,0.526324,8.080422,79.82651
P0733,Puttalam,2026,0.164635,8.080921,79.805649
P0733,Puttalam,2027,0.101496,8.080921,79.805649
P0733,Puttalam,2028,0.106734,8.080921,79.805649
P0733,Puttalam,2029,0.110126,8.080921,79.805649
P0733,Puttalam,2030,0.117057,8.080921,79.805649
P0734,Puttalam,2026,0.266482,8.079666,79.820999
P0734,Puttalam,2027,0.260408,8.079666,79.820999
P0734,Puttalam,2028,0.299057,8.079666,79.820999
P0734,Puttalam,2029,0.274167,8.079666,79.820999
P0734,Puttalam,2030,0.288664,8.079666,79.820999
P0735,Puttalam,2026,0.110735,8.079445,79.805446
P0735,Puttalam,2027,0.004426,8.079445,79.805446
P0735,Puttalam,2028,0.001261,8.079445,79.805446
P0735,Puttalam,2029,0.001551,8.079445,79.805446
P0735,Puttalam,2030,-0.000601,8.079445,79.805446
P0736,Puttalam,2026,0.319007,8.078816,79.82616
P0736,Puttalam,2027,0.270959,8.078816,79.82616
P0736,Puttalam,2028,0.296062,8.078816,79.82616
P0736,Puttalam,2029,0.313239,8.078816,79.82616
P0736,Puttalam,2030,0.325864,8.078816,79.82616
P0737,Puttalam,2026,0.11959,8.078734,79.805357
P0737,Puttalam,2027,0.113711,8.078734,79.805357
P0737,Puttalam,2028,0.041776,8.078734,79.805357
P0737,Puttalam,2029,0.041034,8.078734,79.805357
P0737,Puttalam,2030,0.040013,8.078734,79.805357
P0738,Puttalam,2026,0.414692,8.078556,79.808556
P0738,Puttalam,2027,0.381602,8.078556,79.808556
P0738,Puttalam,2028,0.419312,8.078556,79.808556
P0738,Puttalam,2029,0.417858,8.078556,79.808556
P0738,Puttalam,2030,0.417864,8.078556,79.808556
P0739,Puttalam,2026,0.216932,8.078112,79.822332
P0739,Puttalam,2027,0.171585,8.078112,79.822332
P0739,Puttalam,2028,0.226308,8.078112,79.822332
P0739,Puttalam,2029,0.228582,8.078112,79.822332
P0739,Puttalam,2030,0.233956,8.078112,79.822332
P0740,Puttalam,2026,0.440535,8.077815,79.809223
P0740,Puttalam,2027,0.404386,8.077815,79.809223
P0740,Puttalam,2028,0.42818,8.077815,79.809223
P0740,Puttalam,2029,0.426166,8.077815,79.809223
P0740,Puttalam,2030,0.425959,8.077815,79.809223
P0741,Puttalam,2026,0.327827,8.077963,79.807964
P0741,Puttalam,2027,0.308272,8.077963,79.807964
P0741,Puttalam,2028,0.327838,8.077963,79.807964
P0741,Puttalam,2029,0.329774,8.077963,79.807964
P0741,Puttalam,2030,0.32983,8.077963,79.807964
P0742,Puttalam,2026,0.284662,8.079538,79.816458
P0742,Puttalam,2027,0.258618,8.079538,79.816458
P0742,Puttalam,2028,0.296233,8.079538,79.816458
P0742,Puttalam,2029,0.289008,8.079538,79.816458
P0742,Puttalam,2030,0.293106,8.079538,79.816458
P0743,Puttalam,2026,0.211196,8.077592,79.820037
P0743,Puttalam,2027,0.182677,8.077592,79.820037
P0743,Puttalam,2028,0.175772,8.077592,79.820037
P0743,Puttalam,2029,0.174972,8.077592,79.820037
P0743,Puttalam,2030,0.174875,8.077592,79.820037
P0744,Puttalam,2026,0.233716,8.077445,79.822165
P0744,Puttalam,2027,0.172223,8.077445,79.822165
P0744,Puttalam,2028,0.223835,8.077445,79.822165
P0744,Puttalam,2029,0.241781,8.077445,79.822165
P0744,Puttalam,2030,0.242175,8.077445,79.822165
P0745,Puttalam,2026,0.256821,8.077222,79.811002
P0745,Puttalam,2027,0.219418,8.077222,79.811002
P0745,Puttalam,2028,0.239538,8.077222,79.811002
P0745,Puttalam,2029,0.258345,8.077222,79.811002
P0745,Puttalam,2030,0.261907,8.077222,79.811002
P0746,Puttalam,2026,0.303701,8.077056,79.817222
P0746,Puttalam,2027,0.277139,8.077056,79.817222
P0746,Puttalam,2028,0.320381,8.077056,79.817222
P0746,Puttalam,2029,0.324289,8.077056,79.817222
P0746,Puttalam,2030,0.32739,8.077056,79.817222
P0747,Puttalam,2026,0.310214,8.076556,79.816667
P0747,Puttalam,2027,0.28023,8.076556,79.816667
P0747,Puttalam,2028,0.325346,8.076556,79.816667
P0747,Puttalam,2029,0.330609,8.076556,79.816667
P0747,Puttalam,2030,0.331747,8.076556,79.816667
P0748,Puttalam,2026,0.216584,8.076556,79.820776
P0748,Puttalam,2027,0.187954,8.076556,79.820776
P0748,Puttalam,2028,0.20146,8.076556,79.820776
P0748,Puttalam,2029,0.198548,8.076556,79.820776
P0748,Puttalam,2030,0.191143,8.076556,79.820776
P0749,Puttalam,2026,0.211652,8.076333,79.817668
P0749,Puttalam,2027,0.21905,8.076333,79.817668
P0749,Puttalam,2028,0.184148,8.076333,79.817668
P0749,Puttalam,2029,0.170961,8.076333,79.817668
P0749,Puttalam,2030,0.19323,8.076333,79.817668
P0750,Puttalam,2026,0.285239,8.076428,79.824271
P0750,Puttalam,2027,0.182264,8.076428,79.824271
P0750,Puttalam,2028,0.160783,8.076428,79.824271
P0750,Puttalam,2029,0.164204,8.076428,79.824271
P0750,Puttalam,2030,0.17522,8.076428,79.824271
P0751,Puttalam,2026,0.538345,8.080907,79.79855
P0751,Puttalam,2027,0.503654,8.080907,79.79855
P0751,Puttalam,2028,0.485467,8.080907,79.79855
P0751,Puttalam,2029,0.48395,8.080907,79.79855
P0751,Puttalam,2030,0.492304,8.080907,79.79855
P0752,Puttalam,2026,0.050295,8.07551,79.807845
P0752,Puttalam,2027,0.109939,8.07551,79.807845
P0752,Puttalam,2028,0.076699,8.07551,79.807845
P0752,Puttalam,2029,0.057711,8.07551,79.807845
P0752,Puttalam,2030,0.044584,8.07551,79.807845
P0753,Puttalam,2026,0.116033,8.075889,79.822555
P0753,Puttalam,2027,0.147345,8.075889,79.822555
P0753,Puttalam,2028,0.163254,8.075889,79.822555
P0753,Puttalam,2029,0.168115,8.075889,79.822555
P0753,Puttalam,2030,0.191758,8.075889,79.822555
P0754,Puttalam,2026,0.611458,8.075267,79.815978
P0754,Puttalam,2027,0.565866,8.075267,79.815978
P0754,Puttalam,2028,0.625583,8.075267,79.815978
P0754,Puttalam,2029,0.630089,8.075267,79.815978
P0754,Puttalam,2030,0.649962,8.075267,79.815978
P0755,Puttalam,2026,0.106951,8.075445,79.819222
P0755,Puttalam,2027,0.174357,8.075445,79.819222
P0755,Puttalam,2028,0.166225,8.075445,79.819222
P0755,Puttalam,2029,0.173052,8.075445,79.819222
P0755,Puttalam,2030,0.174413,8.075445,79.819222
P0756,Puttalam,2026,0.174117,8.075456,79.817881
P0756,Puttalam,2027,0.176573,8.075456,79.817881
P0756,Puttalam,2028,0.168454,8.075456,79.817881
P0756,Puttalam,2029,0.170712,8.075456,79.817881
P0756,Puttalam,2030,0.175025,8.075456,79.817881
P0757,Puttalam,2026,-0.013117,8.075513,79.808949
P0757,Puttalam,2027,-0.057471,8.075513,79.808949
P0757,Puttalam,2028,-0.027303,8.075513,79.808949
P0757,Puttalam,2029,-0.026267,8.075513,79.808949
P0757,Puttalam,2030,-0.024071,8.075513,79.808949
P0758,Puttalam,2026,0.569499,8.074667,79.816112
P0758,Puttalam,2027,0.508628,8.074667,79.816112
P0758,Puttalam,2028,0.576093,8.074667,79.816112
P0758,Puttalam,2029,0.593167,8.074667,79.816112
P0758,Puttalam,2030,0.608484,8.074667,79.816112
P0759,Puttalam,2026,0.175479,8.075823,79.805748
P0759,Puttalam,2027,0.165054,8.075823,79.805748
P0759,Puttalam,2028,0.182269,8.075823,79.805748
P0759,Puttalam,2029,0.188543,8.075823,79.805748
P0759,Puttalam,2030,0.199916,8.075823,79.805748
P0760,Puttalam,2026,0.490136,8.07443,79.823952
P0760,Puttalam,2027,0.462097,8.07443,79.823952
P0760,Puttalam,2028,0.499706,8.07443,79.823952
P0760,Puttalam,2029,0.524578,8.07443,79.823952
P0760,Puttalam,2030,0.522463,8.07443,79.823952
P0761,Puttalam,2026,0.081131,8.074335,79.801887
P0761,Puttalam,2027,0.013523,8.074335,79.801887
P0761,Puttalam,2028,0.08837,8.074335,79.801887
P0761,Puttalam,2029,0.082223,8.074335,79.801887
P0761,Puttalam,2030,0.08311,8.074335,79.801887
P0762,Puttalam,2026,0.125521,8.075484,79.810617
P0762,Puttalam,2027,0.098899,8.075484,79.810617
P0762,Puttalam,2028,0.098546,8.075484,79.810617
P0762,Puttalam,2029,0.09671,8.075484,79.810617
P0762,Puttalam,2030,0.091554,8.075484,79.810617
P0763,Puttalam,2026,0.047344,8.074112,79.809223
P0763,Puttalam,2027,0.009841,8.074112,79.809223
P0763,Puttalam,2028,0.060284,8.074112,79.809223
P0763,Puttalam,2029,0.06276,8.074112,79.809223
P0763,Puttalam,2030,0.05946,8.074112,79.809223
P0764,Puttalam,2026,0.047609,8.073577,79.809845
P0764,Puttalam,2027,0.075562,8.073577,79.809845
P0764,Puttalam,2028,0.063931,8.073577,79.809845
P0764,Puttalam,2029,0.059334,8.073577,79.809845
P0764,Puttalam,2030,0.060854,8.073577,79.809845
P0765,Puttalam,2026,0.116272,8.073666,79.812084
P0765,Puttalam,2027,0.044952,8.073666,79.812084
P0765,Puttalam,2028,0.099151,8.073666,79.812084
P0765,Puttalam,2029,0.10313,8.073666,79.812084
P0765,Puttalam,2030,0.107539,8.073666,79.812084
P0766,Puttalam,2026,0.148142,8.073555,79.821445
P0766,Puttalam,2027,0.183461,8.073555,79.821445
P0766,Puttalam,2028,0.174416,8.073555,79.821445
P0766,Puttalam,2029,0.173352,8.073555,79.821445
P0766,Puttalam,2030,0.177471,8.073555,79.821445
P0767,Puttalam,2026,0.109447,8.073223,79.802333
P0767,Puttalam,2027,0.07889,8.073223,79.802333
P0767,Puttalam,2028,0.067018,8.073223,79.802333
P0767,Puttalam,2029,0.064695,8.073223,79.802333
P0767,Puttalam,2030,0.068035,8.073223,79.802333
P0768,Puttalam,2026,0.110864,8.073133,79.806511
P0768,Puttalam,2027,0.173899,8.073133,79.806511
P0768,Puttalam,2028,0.17203,8.073133,79.806511
P0768,Puttalam,2029,0.183669,8.073133,79.806511
P0768,Puttalam,2030,0.169701,8.073133,79.806511
P0769,Puttalam,2027,0.127937,8.072779,79.805446
P0769,Puttalam,2028,0.153944,8.072779,79.805446
P0769,Puttalam,2029,0.167024,8.072779,79.805446
P0769,Puttalam,2030,0.174118,8.072779,79.805446
P0770,Puttalam,2026,0.377053,8.072779,79.820999
P0770,Puttalam,2027,0.225828,8.072779,79.820999
P0770,Puttalam,2028,0.242397,8.072779,79.820999
P0770,Puttalam,2029,0.236614,8.072779,79.820999
P0770,Puttalam,2030,0.243305,8.072779,79.820999
P0771,Puttalam,2026,0.47723,8.086699,79.817557
P0771,Puttalam,2027,0.443106,8.086699,79.817557
P0771,Puttalam,2028,0.496093,8.086699,79.817557
P0771,Puttalam,2029,0.504255,8.086699,79.817557
P0771,Puttalam,2030,0.511625,8.086699,79.817557
P0772,Puttalam,2026,0.496075,8.072444,79.813889
P0772,Puttalam,2027,0.360032,8.072444,79.813889
P0772,Puttalam,2028,0.462184,8.072444,79.813889
P0772,Puttalam,2029,0.449941,8.072444,79.813889
P0772,Puttalam,2030,0.481575,8.072444,79.813889
P0773,Puttalam,2026,0.203671,8.072556,79.817445
P0773,Puttalam,2027,0.230067,8.072556,79.817445
P0773,Puttalam,2028,0.280758,8.072556,79.817445
P0773,Puttalam,2029,0.311694,8.072556,79.817445
P0773,Puttalam,2030,0.314645,8.072556,79.817445
P0774,Puttalam,2026,0.242996,8.072444,79.817889
P0774,Puttalam,2027,0.24064,8.072444,79.817889
P0774,Puttalam,2028,0.194539,8.072444,79.817889
P0774,Puttalam,2029,0.19289,8.072444,79.817889
P0774,Puttalam,2030,0.200172,8.072444,79.817889
P0775,Puttalam,2026,0.200542,8.072184,79.818853
P0775,Puttalam,2027,0.210538,8.072184,79.818853
P0775,Puttalam,2028,0.173758,8.072184,79.818853
P0775,Puttalam,2029,0.172353,8.072184,79.818853
P0775,Puttalam,2030,0.174879,8.072184,79.818853
P0776,Puttalam,2026,0.358858,8.072701,79.816108
P0776,Puttalam,2027,0.397172,8.072701,79.816108
P0776,Puttalam,2028,0.400169,8.072701,79.816108
P0776,Puttalam,2029,0.396276,8.072701,79.816108
P0776,Puttalam,2030,0.398654,8.072701,79.816108
P0777,Puttalam,2026,0.134878,8.072159,79.804232
P0777,Puttalam,2027,0.095867,8.072159,79.804232
P0777,Puttalam,2028,0.051973,8.072159,79.804232
P0777,Puttalam,2029,0.048404,8.072159,79.804232
P0777,Puttalam,2030,0.049116,8.072159,79.804232
P0778,Puttalam,2026,0.189932,8.071513,79.812355
P0778,Puttalam,2027,0.184797,8.071513,79.812355
P0778,Puttalam,2028,0.189251,8.071513,79.812355
P0778,Puttalam,2029,0.18552,8.071513,79.812355
P0778,Puttalam,2030,0.189475,8.071513,79.812355
P0779,Puttalam,2026,0.225085,8.07146,79.818615
P0779,Puttalam,2027,0.165698,8.07146,79.818615
P0779,Puttalam,2028,0.161962,8.07146,79.818615
P0779,Puttalam,2029,0.161717,8.07146,79.818615
P0779,Puttalam,2030,0.168305,8.07146,79.818615
P0780,Puttalam,2026,0.48104,8.071669,79.820335
P0780,Puttalam,2027,0.283917,8.071669,79.820335
P0780,Puttalam,2028,0.434568,8.071669,79.820335
P0780,Puttalam,2029,0.474893,8.071669,79.820335
P0780,Puttalam,2030,0.520207,8.071669,79.820335
P0781,Puttalam,2026,0.085317,8.071223,79.802668
P0781,Puttalam,2027,0.084994,8.071223,79.802668
P0781,Puttalam,2028,0.093626,8.071223,79.802668
P0781,Puttalam,2029,0.095622,8.071223,79.802668
P0781,Puttalam,2030,0.094635,8.071223,79.802668
P0782,Puttalam,2026,0.301672,8.07106,79.82177
P0782,Puttalam,2027,0.233943,8.07106,79.82177
P0782,Puttalam,2028,0.258696,8.07106,79.82177
P0782,Puttalam,2029,0.289044,8.07106,79.82177
P0782,Puttalam,2030,0.282784,8.07106,79.82177
P0783,Puttalam,2026,0.18495,8.071044,79.816246
P0783,Puttalam,2027,0.189947,8.071044,79.816246
P0783,Puttalam,2028,0.182691,8.071044,79.816246
P0783,Puttalam,2029,0.194676,8.071044,79.816246
P0783,Puttalam,2030,0.198756,8.071044,79.816246
P0784,Puttalam,2026,0.064183,8.070777,79.810683
P0784,Puttalam,2027,0.102543,8.070777,79.810683
P0784,Puttalam,2028,0.124094,8.070777,79.810683
P0784,Puttalam,2029,0.126014,8.070777,79.810683
P0784,Puttalam,2030,0.129649,8.070777,79.810683
P0785,Puttalam,2026,0.27143,8.071388,79.806489
P0785,Puttalam,2027,0.189553,8.071388,79.806489
P0785,Puttalam,2028,0.189763,8.071388,79.806489
P0785,Puttalam,2029,0.199213,8.071388,79.806489
P0785,Puttalam,2030,0.200065,8.071388,79.806489
P0786,Puttalam,2026,0.781046,8.07011,79.779445
P0786,Puttalam,2027,0.793757,8.07011,79.779445
P0786,Puttalam,2028,0.796511,8.07011,79.779445
P0786,Puttalam,2029,0.798278,8.07011,79.779445
P0786,Puttalam,2030,0.817536,8.07011,79.779445
P0787,Puttalam,2026,0.449092,8.070369,79.817718
P0787,Puttalam,2027,0.401114,8.070369,79.817718
P0787,Puttalam,2028,0.314955,8.070369,79.817718
P0787,Puttalam,2029,0.317433,8.070369,79.817718
P0787,Puttalam,2030,0.299359,8.070369,79.817718
P0788,Puttalam,2026,0.042345,8.070023,79.810823
P0788,Puttalam,2027,0.041448,8.070023,79.810823
P0788,Puttalam,2028,0.073707,8.070023,79.810823
P0788,Puttalam,2029,0.067593,8.070023,79.810823
P0788,Puttalam,2030,0.067815,8.070023,79.810823
P0789,Puttalam,2026,0.204044,8.070021,79.794334
P0789,Puttalam,2027,0.290926,8.070021,79.794334
P0789,Puttalam,2028,0.346397,8.070021,79.794334
P0789,Puttalam,2029,0.343975,8.070021,79.794334
P0789,Puttalam,2030,0.357731,8.070021,79.794334
P0790,Puttalam,2026,0.399,8.069889,79.800222
P0790,Puttalam,2027,0.758521,8.069889,79.800222
P0790,Puttalam,2028,0.626808,8.069889,79.800222
P0790,Puttalam,2029,0.624321,8.069889,79.800222
P0790,Puttalam,2030,0.628631,8.069889,79.800222
P0791,Puttalam,2026,0.039305,8.069295,79.810184
P0791,Puttalam,2027,0.061963,8.069295,79.810184
P0791,Puttalam,2028,0.099287,8.069295,79.810184
P0791,Puttalam,2029,0.099978,8.069295,79.810184
P0791,Puttalam,2030,0.101825,8.069295,79.810184
P0792,Puttalam,2026,0.262645,8.070077,79.815446
P0792,Puttalam,2027,0.27062,8.070077,79.815446
P0792,Puttalam,2028,0.267966,8.070077,79.815446
P0792,Puttalam,2029,0.27751,8.070077,79.815446
P0792,Puttalam,2030,0.270587,8.070077,79.815446
P0793,Puttalam,2026,0.194029,8.069763,79.819771
P0793,Puttalam,2027,0.203379,8.069763,79.819771
P0793,Puttalam,2028,0.180312,8.069763,79.819771
P0793,Puttalam,2029,0.185477,8.069763,79.819771
P0793,Puttalam,2030,0.191705,8.069763,79.819771
P0794,Puttalam,2026,0.176684,8.069112,79.794145
P0794,Puttalam,2027,0.197647,8.069112,79.794145
P0794,Puttalam,2028,0.308332,8.069112,79.794145
P0794,Puttalam,2029,0.303031,8.069112,79.794145
P0794,Puttalam,2030,0.318582,8.069112,79.794145
P0795,Puttalam,2026,0.165137,8.068925,79.796628
P0795,Puttalam,2027,0.07772,8.068925,79.796628
P0795,Puttalam,2028,0.053569,8.068925,79.796628
P0795,Puttalam,2029,0.061797,8.068925,79.796628
P0795,Puttalam,2030,0.084648,8.068925,79.796628
P0796,Puttalam,2027,0.277411,8.068852,79.809074
P0796,Puttalam,2028,0.190582,8.068852,79.809074
P0796,Puttalam,2029,0.198285,8.068852,79.809074
P0796,Puttalam,2030,0.20723,8.068852,79.809074
P0797,Puttalam,2026,0.148188,8.068705,79.795075
P0797,Puttalam,2027,0.224557,8.068705,79.795075
P0797,Puttalam,2028,0.278688,8.068705,79.795075
P0797,Puttalam,2029,0.278275,8.068705,79.795075
P0797,Puttalam,2030,0.279489,8.068705,79.795075
P0798,Puttalam,2026,0.000653,8.06926,79.813604
P0798,Puttalam,2027,-0.009637,8.06926,79.813604
P0798,Puttalam,2028,0.054053,8.06926,79.813604
P0798,Puttalam,2029,0.047142,8.06926,79.813604
P0798,Puttalam,2030,0.05945,8.06926,79.813604
P0799,Puttalam,2026,0.168712,8.068778,79.818593
P0799,Puttalam,2027,0.197765,8.068778,79.818593
P0799,Puttalam,2028,0.226017,8.068778,79.818593
P0799,Puttalam,2029,0.223575,8.068778,79.818593
P0799,Puttalam,2030,0.246695,8.068778,79.818593
P0800,Puttalam,2026,0.120677,8.068779,79.821445
P0800,Puttalam,2027,0.015143,8.068779,79.821445
P0800,Puttalam,2028,0.075493,8.068779,79.821445
P0800,Puttalam,2029,0.073177,8.068779,79.821445
P0800,Puttalam,2030,0.067921,8.068779,79.821445
P0801,Puttalam,2026,0.112659,8.068429,79.796589
P0801,Puttalam,2027,0.06676,8.068429,79.796589
P0801,Puttalam,2028,0.082369,8.068429,79.796589
P0801,Puttalam,2029,0.077119,8.068429,79.796589
P0801,Puttalam,2030,0.075843,8.068429,79.796589
P0802,Puttalam,2026,0.304042,8.068556,79.811222
P0802,Puttalam,2027,0.317644,8.068556,79.811222
P0802,Puttalam,2028,0.311443,8.068556,79.811222
P0802,Puttalam,2029,0.305006,8.068556,79.811222
P0802,Puttalam,2030,0.292259,8.068556,79.811222
P0803,Puttalam,2026,0.195906,8.068333,79.803
P0803,Puttalam,2027,0.199207,8.068333,79.803
P0803,Puttalam,2028,0.194208,8.068333,79.803
P0803,Puttalam,2029,0.186439,8.068333,79.803
P0803,Puttalam,2030,0.186118,8.068333,79.803
P0804,Puttalam,2026,0.006926,8.068333,79.819001
P0804,Puttalam,2027,0.063844,8.068333,79.819001
P0804,Puttalam,2028,0.059195,8.068333,79.819001
P0804,Puttalam,2029,0.061501,8.068333,79.819001
P0804,Puttalam,2030,0.069589,8.068333,79.819001
P0805,Puttalam,2026,-0.040643,8.068054,79.794055
P0805,Puttalam,2027,-0.090273,8.068054,79.794055
P0805,Puttalam,2028,-0.083558,8.068054,79.794055
P0805,Puttalam,2029,-0.086248,8.068054,79.794055
P0805,Puttalam,2030,-0.086129,8.068054,79.794055
P0806,Puttalam,2026,0.152245,8.068296,79.820444
P0806,Puttalam,2027,0.042721,8.068296,79.820444
P0806,Puttalam,2028,0.089086,8.068296,79.820444
P0806,Puttalam,2029,0.107355,8.068296,79.820444
P0806,Puttalam,2030,0.113634,8.068296,79.820444
P0807,Puttalam,2026,0.310531,8.06789,79.816978
P0807,Puttalam,2027,0.374888,8.06789,79.816978
P0807,Puttalam,2028,0.282589,8.06789,79.816978
P0807,Puttalam,2029,0.280859,8.06789,79.816978
P0807,Puttalam,2030,0.295351,8.06789,79.816978
P0808,Puttalam,2026,0.135234,8.067723,79.821832
P0808,Puttalam,2027,0.146973,8.067723,79.821832
P0808,Puttalam,2028,0.138969,8.067723,79.821832
P0808,Puttalam,2029,0.140257,8.067723,79.821832
P0808,Puttalam,2030,0.13903,8.067723,79.821832
P0809,Puttalam,2026,0.089921,8.067667,79.795
P0809,Puttalam,2027,0.057122,8.067667,79.795
P0809,Puttalam,2028,0.05153,8.067667,79.795
P0809,Puttalam,2029,0.046429,8.067667,79.795
P0809,Puttalam,2030,0.045164,8.067667,79.795
P0810,Puttalam,2026,0.342847,8.070362,79.80073
P0810,Puttalam,2027,0.297767,8.070362,79.80073
P0810,Puttalam,2028,0.347197,8.070362,79.80073
P0810,Puttalam,2029,0.363321,8.070362,79.80073
P0810,Puttalam,2030,0.372936,8.070362,79.80073
P0811,Puttalam,2026,0.006385,8.066742,79.794693
P0811,Puttalam,2027,0.049202,8.066742,79.794693
P0811,Puttalam,2028,0.033787,8.066742,79.794693
P0811,Puttalam,2029,0.032055,8.066742,79.794693
P0811,Puttalam,2030,0.031375,8.066742,79.794693
P0812,Puttalam,2026,0.580291,8.067223,79.797
P0812,Puttalam,2027,0.485437,8.067223,79.797
P0812,Puttalam,2028,0.548709,8.067223,79.797
P0812,Puttalam,2029,0.557305,8.067223,79.797
P0812,Puttalam,2030,0.560968,8.067223,79.797
P0813,Puttalam,2026,0.17233,8.067,79.796334
P0813,Puttalam,2027,0.179161,8.067,79.796334
P0813,Puttalam,2028,0.162311,8.067,79.796334
P0813,Puttalam,2029,0.159382,8.067,79.796334
P0813,Puttalam,2030,0.132248,8.067,79.796334
P0814,Puttalam,2026,0.475647,8.06691,79.797934
P0814,Puttalam,2027,0.471199,8.06691,79.797934
P0814,Puttalam,2028,0.450546,8.06691,79.797934
P0814,Puttalam,2029,0.448463,8.06691,79.797934
P0814,Puttalam,2030,0.453251,8.06691,79.797934
P0815,Puttalam,2026,0.161722,8.06686,79.821222
P0815,Puttalam,2027,0.14568,8.06686,79.821222
P0815,Puttalam,2028,0.142248,8.06686,79.821222
P0815,Puttalam,2029,0.137277,8.06686,79.821222
P0815,Puttalam,2030,0.136638,8.06686,79.821222
P0816,Puttalam,2026,0.192538,8.066952,79.81848
P0816,Puttalam,2027,0.277873,8.066952,79.81848
P0816,Puttalam,2028,0.238138,8.066952,79.81848
P0816,Puttalam,2029,0.243696,8.066952,79.81848
P0816,Puttalam,2030,0.241175,8.066952,79.81848
P0817,Puttalam,2026,0.601848,8.065972,79.803294
P0817,Puttalam,2027,0.619285,8.065972,79.803294
P0817,Puttalam,2028,0.720961,8.065972,79.803294
P0817,Puttalam,2029,0.728708,8.065972,79.803294
P0817,Puttalam,2030,0.73623,8.065972,79.803294
P0818,Puttalam,2026,0.402636,8.066121,79.80042
P0818,Puttalam,2027,0.412368,8.066121,79.80042
P0818,Puttalam,2028,0.404797,8.066121,79.80042
P0818,Puttalam,2029,0.401454,8.066121,79.80042
P0818,Puttalam,2030,0.39418,8.066121,79.80042
P0819,Puttalam,2026,0.253946,8.065274,79.820805
P0819,Puttalam,2027,0.272074,8.065274,79.820805
P0819,Puttalam,2028,0.277094,8.065274,79.820805
P0819,Puttalam,2029,0.276588,8.065274,79.820805
P0819,Puttalam,2030,0.286513,8.065274,79.820805
P0820,Puttalam,2026,0.157197,8.065444,79.796777
P0820,Puttalam,2027,0.148294,8.065444,79.796777
P0820,Puttalam,2028,0.14773,8.065444,79.796777
P0820,Puttalam,2029,0.162063,8.065444,79.796777
P0820,Puttalam,2030,0.186259,8.065444,79.796777
P0821,Puttalam,2026,0.709746,8.065444,79.802779
P0821,Puttalam,2027,0.695005,8.065444,79.802779
P0821,Puttalam,2028,0.694433,8.065444,79.802779
P0821,Puttalam,2029,0.701955,8.065444,79.802779
P0821,Puttalam,2030,0.716147,8.065444,79.802779
P0822,Puttalam,2026,0.021669,8.06531,79.818955
P0822,Puttalam,2027,0.020876,8.06531,79.818955
P0822,Puttalam,2028,0.020553,8.06531,79.818955
P0822,Puttalam,2029,0.018884,8.06531,79.818955
P0822,Puttalam,2030,0.018012,8.06531,79.818955
P0823,Puttalam,2026,0.392361,8.064779,79.798556
P0823,Puttalam,2027,0.477915,8.064779,79.798556
P0823,Puttalam,2028,0.411483,8.064779,79.798556
P0823,Puttalam,2029,0.413797,8.064779,79.798556
P0823,Puttalam,2030,0.412922,8.064779,79.798556
P0824,Puttalam,2026,-0.070767,8.064481,79.819074
P0824,Puttalam,2027,-0.086284,8.064481,79.819074
P0824,Puttalam,2028,-0.110163,8.064481,79.819074
P0824,Puttalam,2029,-0.109002,8.064481,79.819074
P0824,Puttalam,2030,-0.115075,8.064481,79.819074
P0825,Puttalam,2026,0.139789,8.06503,79.796196
P0825,Puttalam,2027,0.167413,8.06503,79.796196
P0825,Puttalam,2028,0.15291,8.06503,79.796196
P0825,Puttalam,2029,0.153431,8.06503,79.796196
P0825,Puttalam,2030,0.153822,8.06503,79.796196
P0826,Puttalam,2026,0.367094,8.06411,79.798668
P0826,Puttalam,2027,0.288555,8.06411,79.798668
P0826,Puttalam,2028,0.334611,8.06411,79.798668
P0826,Puttalam,2029,0.339439,8.06411,79.798668
P0826,Puttalam,2030,0.345591,8.06411,79.798668
P0827,Puttalam,2026,0.591811,8.063778,79.806333
P0827,Puttalam,2027,0.509799,8.063778,79.806333
P0827,Puttalam,2028,0.568876,8.063778,79.806333
P0827,Puttalam,2029,0.5901,8.063778,79.806333
P0827,Puttalam,2030,0.590478,8.063778,79.806333
P0828,Puttalam,2026,-0.076404,8.063815,79.819741
P0828,Puttalam,2027,-0.105121,8.063815,79.819741
P0828,Puttalam,2028,-0.11072,8.063815,79.819741
P0828,Puttalam,2029,-0.110321,8.063815,79.819741
P0828,Puttalam,2030,-0.112543,8.063815,79.819741
P0829,Puttalam,2026,0.11161,8.063297,79.821073
P0829,Puttalam,2027,0.097413,8.063297,79.821073
P0829,Puttalam,2028,0.111214,8.063297,79.821073
P0829,Puttalam,2029,0.111156,8.063297,79.821073
P0829,Puttalam,2030,0.115629,8.063297,79.821073
P0830,Puttalam,2026,0.092131,8.062926,79.823517
P0830,Puttalam,2027,0.117418,8.062926,79.823517
P0830,Puttalam,2028,0.107377,8.062926,79.823517
P0830,Puttalam,2029,0.104663,8.062926,79.823517
P0830,Puttalam,2030,0.104828,8.062926,79.823517
P0831,Puttalam,2026,0.202639,8.061167,79.800165
P0831,Puttalam,2027,0.258421,8.061167,79.800165
P0831,Puttalam,2028,0.21404,8.061167,79.800165
P0831,Puttalam,2029,0.210178,8.061167,79.800165
P0831,Puttalam,2030,0.213146,8.061167,79.800165
P0832,Puttalam,2026,0.23759,8.061386,79.800016
P0832,Puttalam,2027,0.163113,8.061386,79.800016
P0832,Puttalam,2028,0.187999,8.061386,79.800016
P0832,Puttalam,2029,0.188698,8.061386,79.800016
P0832,Puttalam,2030,0.202665,8.061386,79.800016
P0833,Puttalam,2026,0.015811,8.059888,79.809666
P0833,Puttalam,2027,0.030403,8.059888,79.809666
P0833,Puttalam,2028,0.023509,8.059888,79.809666
P0833,Puttalam,2029,0.024707,8.059888,79.809666
P0833,Puttalam,2030,0.032931,8.059888,79.809666
P0834,Puttalam,2026,0.013737,8.059666,79.811372
P0834,Puttalam,2027,0.032028,8.059666,79.811372
P0834,Puttalam,2028,0.030262,8.059666,79.811372
P0834,Puttalam,2029,0.02892,8.059666,79.811372
P0834,Puttalam,2030,0.031303,8.059666,79.811372
P0835,Puttalam,2026,0.035084,8.059446,79.809445
P0835,Puttalam,2027,0.053858,8.059446,79.809445
P0835,Puttalam,2028,0.105712,8.059446,79.809445
P0835,Puttalam,2029,0.107607,8.059446,79.809445
P0835,Puttalam,2030,0.115699,8.059446,79.809445
P0836,Puttalam,2026,-0.046777,8.058334,79.809889
P0836,Puttalam,2027,-0.056277,8.058334,79.809889
P0836,Puttalam,2028,-0.051265,8.058334,79.809889
P0836,Puttalam,2029,-0.050489,8.058334,79.809889
P0836,Puttalam,2030,-0.054095,8.058334,79.809889
P0837,Puttalam,2026,-0.112197,8.057593,79.81174
P0837,Puttalam,2027,-0.06317,8.057593,79.81174
P0837,Puttalam,2028,-0.072993,8.057593,79.81174
P0837,Puttalam,2029,-0.065655,8.057593,79.81174
P0837,Puttalam,2030,-0.063787,8.057593,79.81174
P0838,Puttalam,2026,0.118118,8.057059,79.810596
P0838,Puttalam,2027,0.124209,8.057059,79.810596
P0838,Puttalam,2028,0.118959,8.057059,79.810596
P0838,Puttalam,2029,0.132288,8.057059,79.810596
P0838,Puttalam,2030,0.130345,8.057059,79.810596
P0839,Puttalam,2026,-0.111329,8.056501,79.812168
P0839,Puttalam,2027,-0.084515,8.056501,79.812168
P0839,Puttalam,2028,-0.087288,8.056501,79.812168
P0839,Puttalam,2029,-0.086847,8.056501,79.812168
P0839,Puttalam,2030,-0.085543,8.056501,79.812168
P0840,Puttalam,2026,0.027837,8.056111,79.811666
P0840,Puttalam,2027,0.045302,8.056111,79.811666
P0840,Puttalam,2028,0.029529,8.056111,79.811666
P0840,Puttalam,2029,0.039688,8.056111,79.811666
P0840,Puttalam,2030,0.038429,8.056111,79.811666
P0841,Puttalam,2026,0.084986,8.055888,79.811443
P0841,Puttalam,2027,0.050541,8.055888,79.811443
P0841,Puttalam,2028,0.096116,8.055888,79.811443
P0841,Puttalam,2029,0.093466,8.055888,79.811443
P0841,Puttalam,2030,0.095028,8.055888,79.811443
P0842,Puttalam,2026,0.51247,8.054406,79.806184
P0842,Puttalam,2027,0.483726,8.054406,79.806184
P0842,Puttalam,2028,0.481511,8.054406,79.806184
P0842,Puttalam,2029,0.495826,8.054406,79.806184
P0842,Puttalam,2030,0.508287,8.054406,79.806184
P0843,Puttalam,2026,0.091726,8.054111,79.813111
P0843,Puttalam,2027,0.118752,8.054111,79.813111
P0843,Puttalam,2028,0.128488,8.054111,79.813111
P0843,Puttalam,2029,0.132304,8.054111,79.813111
P0843,Puttalam,2030,0.129128,8.054111,79.813111
P0844,Puttalam,2026,0.43401,8.05389,79.807
P0844,Puttalam,2027,0.460682,8.05389,79.807
P0844,Puttalam,2028,0.408778,8.05389,79.807
P0844,Puttalam,2029,0.410135,8.05389,79.807
P0844,Puttalam,2030,0.449127,8.05389,79.807
P0845,Puttalam,2026,0.161124,8.05239,79.808611
P0845,Puttalam,2027,0.171183,8.05239,79.808611
P0845,Puttalam,2028,0.20004,8.05239,79.808611
P0845,Puttalam,2029,0.200204,8.05239,79.808611
P0845,Puttalam,2030,0.203697,8.05239,79.808611
